10308,2014-09-18,2014-10-16,2014-09-24,Avda. de la Constitución 2222,México D.F.,05021,Mexico,Ana Trujillo Emparedados y helados
10365,2014-11-27,2014-12-25,2014-12-02,Mataderos  2312,México D.F.,05023,Mexico,Antonio Moreno Taquera
10507,2015-04-15,2015-05-13,2015-04-22,Mataderos  2312,México D.F.,05023,Mexico,Antonio Moreno Taquera
10535,2015-05-13,2015-06-10,2015-05-21,Mataderos  2312,México D.F.,05023,Mexico,Antonio Moreno Taquera
10573,2015-06-19,2015-07-17,2015-06-20,Mataderos  2312,México D.F.,05023,Mexico,Antonio Moreno Taquera
10558,2015-06-04,2015-07-02,2015-06-10,Brook Farm Stratford St. Mary,Colchester,CO7 6JX,UK,Around the Horn
10453,2015-02-21,2015-03-21,2015-02-26,Brook Farm Stratford St. Mary,Colchester,CO7 6JX,UK,Around the Horn
10383,2014-12-16,2015-01-13,2014-12-18,Brook Farm Stratford St. Mary,Colchester,CO7 6JX,UK,Around the Horn
10355,2014-11-15,2014-12-13,2014-11-20,Brook Farm Stratford St. Mary,Colchester,CO7 6JX,UK,Around the Horn
10384,2014-12-16,2015-01-13,2014-12-20,Berguvsvägen  8,Luleå,S-958 22,Sweden,Berglunds snabbkp
10278,2014-08-12,2014-09-09,2014-08-16,Berguvsvägen  8,Luleå,S-958 22,Sweden,Berglunds snabbkp
10280,2014-08-14,2014-09-11,2014-09-12,Berguvsvägen  8,Luleå,S-958 22,Sweden,Berglunds snabbkp
10444,2015-02-12,2015-03-12,2015-02-21,Berguvsvägen  8,Luleå,S-958 22,Sweden,Berglunds snabbkp
10445,2015-02-13,2015-03-13,2015-02-20,Berguvsvägen  8,Luleå,S-958 22,Sweden,Berglunds snabbkp
10524,2015-05-01,2015-05-29,2015-05-07,Berguvsvägen  8,Luleå,S-958 22,Sweden,Berglunds snabbkp
10572,2015-06-18,2015-07-16,2015-06-25,Berguvsvägen  8,Luleå,S-958 22,Sweden,Berglunds snabbkp
10582,2015-06-27,2015-07-25,2015-07-14,Forsterstr. 57,Mannheim,68306,Germany,Blauer See Delikatessen
10509,2015-04-17,2015-05-15,2015-04-29,Forsterstr. 57,Mannheim,68306,Germany,Blauer See Delikatessen
10501,2015-04-09,2015-05-07,2015-04-16,Forsterstr. 57,Mannheim,68306,Germany,Blauer See Delikatessen
10436,2015-02-05,2015-03-05,2015-02-11,"24, place Kléber",Strasbourg,67000,France,Blondesddsl pre et fils
10449,2015-02-18,2015-03-18,2015-02-27,"24, place Kléber",Strasbourg,67000,France,Blondesddsl pre et fils
10265,2014-07-25,2014-08-22,2014-08-12,"24, place Kléber",Strasbourg,67000,France,Blondesddsl pre et fils
10297,2014-09-04,2014-10-16,2014-09-10,"24, place Kléber",Strasbourg,67000,France,Blondesddsl pre et fils
10360,2014-11-22,2014-12-20,2014-12-02,"24, place Kléber",Strasbourg,67000,France,Blondesddsl pre et fils
10584,2015-06-30,2015-07-28,2015-07-04,"24, place Kléber",Strasbourg,67000,France,Blondesddsl pre et fils
10559,2015-06-05,2015-07-03,2015-06-13,"24, place Kléber",Strasbourg,67000,France,Blondesddsl pre et fils
10566,2015-06-12,2015-07-10,2015-06-18,"24, place Kléber",Strasbourg,67000,France,Blondesddsl pre et fils
10326,2014-10-10,2014-11-07,2014-10-14,"C/ Araquil, 67",Madrid,28023,Spain,Balido Comidas preparadas
10331,2014-10-16,2014-11-27,2014-10-21,"12, rue des Bouchers",Marseille,13008,France,Bon app'
10340,2014-10-29,2014-11-26,2014-11-08,"12, rue des Bouchers",Marseille,13008,France,Bon app'
10362,2014-11-25,2014-12-23,2014-11-28,"12, rue des Bouchers",Marseille,13008,France,Bon app'
10470,2015-03-11,2015-04-08,2015-03-14,"12, rue des Bouchers",Marseille,13008,France,Bon app'
10511,2015-04-18,2015-05-16,2015-04-21,"12, rue des Bouchers",Marseille,13008,France,Bon app'
10525,2015-05-02,2015-05-30,2015-05-23,"12, rue des Bouchers",Marseille,13008,France,Bon app'
10538,2015-05-15,2015-06-12,2015-05-16,Fauntleroy Circus,London,EC2 5NT,UK,B's Beverages
10539,2015-05-16,2015-06-13,2015-05-23,Fauntleroy Circus,London,EC2 5NT,UK,B's Beverages
10471,2015-03-11,2015-04-08,2015-03-18,Fauntleroy Circus,London,EC2 5NT,UK,B's Beverages
10484,2015-03-24,2015-04-21,2015-04-01,Fauntleroy Circus,London,EC2 5NT,UK,B's Beverages
10289,2014-08-26,2014-09-23,2014-08-28,Fauntleroy Circus,London,EC2 5NT,UK,B's Beverages
10578,2015-06-24,2015-07-22,2015-07-25,Fauntleroy Circus,London,EC2 5NT,UK,B's Beverages
10599,2015-07-15,2015-08-26,2015-07-21,Fauntleroy Circus,London,EC2 5NT,UK,B's Beverages
10521,2015-04-29,2015-05-27,2015-05-02,Cerrito 333,Buenos Aires,1010,Argentina,Cactus Comidas para llevar
10259,2014-07-18,2014-08-15,2014-07-25,Sierras de Granada 9993,México D.F.,05022,Mexico,Centro comercial Moctezuma
10254,2014-07-11,2014-08-08,2014-07-23,Hauptstr. 31,Bern,3012,Switzerland,Chop-suey Chinese
10370,2014-12-03,2014-12-31,2014-12-27,Hauptstr. 31,Bern,3012,Switzerland,Chop-suey Chinese
10519,2015-04-28,2015-05-26,2015-05-01,Hauptstr. 31,Bern,3012,Switzerland,Chop-suey Chinese
10462,2015-03-03,2015-03-31,2015-03-18,Berkeley Gardens 12  Brewery,London,WX1 6LT,UK,Consolidated Holdings
10435,2015-02-04,2015-03-18,2015-02-07,Berkeley Gardens 12  Brewery,London,WX1 6LT,UK,Consolidated Holdings
10363,2014-11-26,2014-12-24,2014-12-04,Walserweg 21,Aachen,52066,Germany,Drachenblut Delikatessen
10391,2014-12-23,2015-01-20,2014-12-31,Walserweg 21,Aachen,52066,Germany,Drachenblut Delikatessen
10311,2014-09-20,2014-10-04,2014-09-26,"67, rue des Cinquante Otages",Nantes,44000,France,Du monde entier
10364,2014-11-26,2015-01-07,2014-12-04,35 King George,London,WX3 6FW,UK,Eastern Connection
10400,2015-01-01,2015-01-29,2015-01-16,35 King George,London,WX3 6FW,UK,Eastern Connection
10532,2015-05-09,2015-06-06,2015-05-12,35 King George,London,WX3 6FW,UK,Eastern Connection
10514,2015-04-22,2015-05-20,2015-05-16,Kirchgasse 6,Graz,8010,Austria,Ernst Handel
10402,2015-01-02,2015-02-13,2015-01-10,Kirchgasse 6,Graz,8010,Austria,Ernst Handel
10403,2015-01-03,2015-01-31,2015-01-09,Kirchgasse 6,Graz,8010,Austria,Ernst Handel
10430,2015-01-30,2015-02-13,2015-02-03,Kirchgasse 6,Graz,8010,Austria,Ernst Handel
10442,2015-02-11,2015-03-11,2015-02-18,Kirchgasse 6,Graz,8010,Austria,Ernst Handel
10368,2014-11-29,2014-12-27,2014-12-02,Kirchgasse 6,Graz,8010,Austria,Ernst Handel
10390,2014-12-23,2015-01-20,2014-12-26,Kirchgasse 6,Graz,8010,Austria,Ernst Handel
10382,2014-12-13,2015-01-10,2014-12-16,Kirchgasse 6,Graz,8010,Austria,Ernst Handel
10351,2014-11-11,2014-12-09,2014-11-20,Kirchgasse 6,Graz,8010,Austria,Ernst Handel
10258,2014-07-17,2014-08-14,2014-07-23,Kirchgasse 6,Graz,8010,Austria,Ernst Handel
10263,2014-07-23,2014-08-20,2014-07-31,Kirchgasse 6,Graz,8010,Austria,Ernst Handel
10595,2015-07-10,2015-08-07,2015-07-14,Kirchgasse 6,Graz,8010,Austria,Ernst Handel
10571,2015-06-17,2015-07-29,2015-07-04,Kirchgasse 6,Graz,8010,Austria,Ernst Handel
10408,2015-01-08,2015-02-05,2015-01-14,"184, chaussée de Tournai",Lille,59000,France,Folies urmandes
10480,2015-03-20,2015-04-17,2015-03-24,"184, chaussée de Tournai",Lille,59000,France,Folies urmandes
10533,2015-05-12,2015-06-09,2015-05-22,Åkergatan 24,Bräcke,S-844 67,Sweden,Folk och f HB
10434,2015-02-03,2015-03-03,2015-02-13,Åkergatan 24,Bräcke,S-844 67,Sweden,Folk och f HB
10460,2015-02-28,2015-03-28,2015-03-03,Åkergatan 24,Bräcke,S-844 67,Sweden,Folk och f HB
10264,2014-07-24,2014-08-21,2014-08-23,Åkergatan 24,Bräcke,S-844 67,Sweden,Folk och f HB
10327,2014-10-11,2014-11-08,2014-10-14,Åkergatan 24,Bräcke,S-844 67,Sweden,Folk och f HB
10378,2014-12-10,2015-01-07,2014-12-19,Åkergatan 24,Bräcke,S-844 67,Sweden,Folk och f HB
10561,2015-06-06,2015-07-04,2015-06-09,Åkergatan 24,Bräcke,S-844 67,Sweden,Folk och f HB
10560,2015-06-06,2015-07-04,2015-06-09,Berliner Platz 43,München,80805,Germany,Frankenversand
10337,2014-10-24,2014-11-21,2014-10-29,Berliner Platz 43,München,80805,Germany,Frankenversand
10342,2014-10-30,2014-11-13,2014-11-04,Berliner Platz 43,München,80805,Germany,Frankenversand
10267,2014-07-29,2014-08-26,2014-08-06,Berliner Platz 43,München,80805,Germany,Frankenversand
10396,2014-12-27,2015-01-10,2015-01-06,Berliner Platz 43,München,80805,Germany,Frankenversand
10488,2015-03-27,2015-04-24,2015-04-02,Berliner Platz 43,München,80805,Germany,Frankenversand
10422,2015-01-22,2015-02-19,2015-01-31,Via Monte Bianco 34,Torino,10100,Italy,Franchi S.p.A.
10464,2015-03-04,2015-04-01,2015-03-14,Jardim das rosas n. 32,Lisboa,1675,Portugal,Furia Bacalhau e Frutos do Mar
10491,2015-03-31,2015-04-28,2015-04-08,Jardim das rosas n. 32,Lisboa,1675,Portugal,Furia Bacalhau e Frutos do Mar
10352,2014-11-12,2014-11-26,2014-11-18,Jardim das rosas n. 32,Lisboa,1675,Portugal,Furia Bacalhau e Frutos do Mar
10328,2014-10-14,2014-11-11,2014-10-17,Jardim das rosas n. 32,Lisboa,1675,Portugal,Furia Bacalhau e Frutos do Mar
10551,2015-05-28,2015-07-09,2015-06-06,Jardim das rosas n. 32,Lisboa,1675,Portugal,Furia Bacalhau e Frutos do Mar
10568,2015-06-13,2015-07-11,2015-07-09,"Rambla de Cataluña, 23",Barcelona,8022,Spain,Galera del gastrnomo
10366,2014-11-28,2015-01-09,2014-12-30,"Rambla de Cataluña, 23",Barcelona,8022,Spain,Galera del gastrnomo
10426,2015-01-27,2015-02-24,2015-02-06,"Rambla de Cataluña, 23",Barcelona,8022,Spain,Galera del gastrnomo
10303,2014-09-11,2014-10-09,2014-09-18,"C/ Romero, 33",Sevilla,41101,Spain,dos Cocina Tpica
10550,2015-05-28,2015-06-25,2015-06-06,"C/ Romero, 33",Sevilla,41101,Spain,dos Cocina Tpica
10542,2015-05-20,2015-06-17,2015-05-26,Maubelstr. 90,Brandenburg,14776,Germany,Kniglich Essen
10323,2014-10-07,2014-11-04,2014-10-14,Maubelstr. 90,Brandenburg,14776,Germany,Kniglich Essen
10325,2014-10-09,2014-10-23,2014-10-14,Maubelstr. 90,Brandenburg,14776,Germany,Kniglich Essen
10456,2015-02-25,2015-04-08,2015-02-28,Maubelstr. 90,Brandenburg,14776,Germany,Kniglich Essen
10457,2015-02-25,2015-03-25,2015-03-03,Maubelstr. 90,Brandenburg,14776,Germany,Kniglich Essen
10468,2015-03-07,2015-04-04,2015-03-12,Maubelstr. 90,Brandenburg,14776,Germany,Kniglich Essen
10506,2015-04-15,2015-05-13,2015-05-02,Maubelstr. 90,Brandenburg,14776,Germany,Kniglich Essen
10500,2015-04-09,2015-05-07,2015-04-17,1 rue Alsace-Lorraine,Toulouse,31000,France,La maison d'Asie
10493,2015-04-02,2015-04-30,2015-04-10,1 rue Alsace-Lorraine,Toulouse,31000,France,La maison d'Asie
10454,2015-02-21,2015-03-21,2015-02-25,1 rue Alsace-Lorraine,Toulouse,31000,France,La maison d'Asie
10425,2015-01-24,2015-02-21,2015-02-14,1 rue Alsace-Lorraine,Toulouse,31000,France,La maison d'Asie
10413,2015-01-14,2015-02-11,2015-01-16,1 rue Alsace-Lorraine,Toulouse,31000,France,La maison d'Asie
10350,2014-11-11,2014-12-09,2014-12-03,1 rue Alsace-Lorraine,Toulouse,31000,France,La maison d'Asie
10358,2014-11-20,2014-12-18,2014-11-27,1 rue Alsace-Lorraine,Toulouse,31000,France,La maison d'Asie
10371,2014-12-03,2014-12-31,2014-12-24,1 rue Alsace-Lorraine,Toulouse,31000,France,La maison d'Asie
10343,2014-10-31,2014-11-28,2014-11-06,Magazinweg 7,Frankfurt a.M.,60528,Germany,Lehmanns Marktstand
10284,2014-08-19,2014-09-16,2014-08-27,Magazinweg 7,Frankfurt a.M.,60528,Germany,Lehmanns Marktstand
10279,2014-08-13,2014-09-10,2014-08-16,Magazinweg 7,Frankfurt a.M.,60528,Germany,Lehmanns Marktstand
10497,2015-04-04,2015-05-02,2015-04-07,Magazinweg 7,Frankfurt a.M.,60528,Germany,Lehmanns Marktstand
10534,2015-05-12,2015-06-09,2015-05-14,Magazinweg 7,Frankfurt a.M.,60528,Germany,Lehmanns Marktstand
10522,2015-04-30,2015-05-28,2015-05-06,Magazinweg 7,Frankfurt a.M.,60528,Germany,Lehmanns Marktstand
10536,2015-05-14,2015-06-11,2015-06-06,Magazinweg 7,Frankfurt a.M.,60528,Germany,Lehmanns Marktstand
10557,2015-06-03,2015-06-17,2015-06-06,Magazinweg 7,Frankfurt a.M.,60528,Germany,Lehmanns Marktstand
10592,2015-07-08,2015-08-05,2015-07-16,Magazinweg 7,Frankfurt a.M.,60528,Germany,Lehmanns Marktstand
10593,2015-07-09,2015-08-06,2015-08-13,Magazinweg 7,Frankfurt a.M.,60528,Germany,Lehmanns Marktstand
10467,2015-03-06,2015-04-03,2015-03-11,Via Ludovico il Moro 22,Bergamo,24100,Italy,Magazzini Alimentari Riuniti
10404,2015-01-03,2015-01-31,2015-01-08,Via Ludovico il Moro 22,Bergamo,24100,Italy,Magazzini Alimentari Riuniti
10275,2014-08-07,2014-09-04,2014-08-09,Via Ludovico il Moro 22,Bergamo,24100,Italy,Magazzini Alimentari Riuniti
10300,2014-09-09,2014-10-07,2014-09-18,Via Ludovico il Moro 22,Bergamo,24100,Italy,Magazzini Alimentari Riuniti
10529,2015-05-07,2015-06-04,2015-05-09,Rue Joseph-Bens 532,Bruxelles,B-1180,Belgium,Maison Dewey
10277,2014-08-09,2014-09-06,2014-08-13,Heerstr. 22,Leipzig,04179,Germany,Morgenstern Gesundkost
10575,2015-06-20,2015-07-04,2015-06-30,Heerstr. 22,Leipzig,04179,Germany,Morgenstern Gesundkost
10517,2015-04-24,2015-05-22,2015-04-29,South House 300 Queensbridge,London,SW7 1RZ,UK,North/South
10409,2015-01-09,2015-02-06,2015-01-14,Ing. Gustavo Moncada 8585 Piso 20-A,Buenos Aires,1010,Argentina,Ocano Atlntico Ltda.
10531,2015-05-08,2015-06-05,2015-05-19,Ing. Gustavo Moncada 8585 Piso 20-A,Buenos Aires,1010,Argentina,Ocano Atlntico Ltda.
10554,2015-05-30,2015-06-27,2015-06-05,Mehrheimerstr. 369,Köln,50739,Germany,Ottilies Kseladen
10580,2015-06-26,2015-07-24,2015-07-01,Mehrheimerstr. 369,Köln,50739,Germany,Ottilies Kseladen
10407,2015-01-07,2015-02-04,2015-01-30,Mehrheimerstr. 369,Köln,50739,Germany,Ottilies Kseladen
10508,2015-04-16,2015-05-14,2015-05-13,Mehrheimerstr. 369,Köln,50739,Germany,Ottilies Kseladen
10260,2014-07-19,2014-08-16,2014-07-29,Mehrheimerstr. 369,Köln,50739,Germany,Ottilies Kseladen
10322,2014-10-04,2014-11-01,2014-10-23,Calle Dr. Jorge Cash 321,México D.F.,05033,Mexico,Pericles Comidas clsicas
10354,2014-11-14,2014-12-12,2014-11-20,Calle Dr. Jorge Cash 321,México D.F.,05033,Mexico,Pericles Comidas clsicas
10474,2015-03-13,2015-04-10,2015-03-21,Calle Dr. Jorge Cash 321,México D.F.,05033,Mexico,Pericles Comidas clsicas
10502,2015-04-10,2015-05-08,2015-04-29,Calle Dr. Jorge Cash 321,México D.F.,05033,Mexico,Pericles Comidas clsicas
10489,2015-03-28,2015-04-25,2015-04-09,Geislweg 14,Salzburg,5020,Austria,Piccolo und mehr
10530,2015-05-08,2015-06-05,2015-05-12,Geislweg 14,Salzburg,5020,Austria,Piccolo und mehr
10427,2015-01-27,2015-02-24,2015-03-03,Geislweg 14,Salzburg,5020,Austria,Piccolo und mehr
10392,2014-12-24,2015-01-21,2015-01-01,Geislweg 14,Salzburg,5020,Austria,Piccolo und mehr
10353,2014-11-13,2014-12-11,2014-11-25,Geislweg 14,Salzburg,5020,Austria,Piccolo und mehr
10597,2015-07-11,2015-08-08,2015-07-18,Geislweg 14,Salzburg,5020,Austria,Piccolo und mehr
10336,2014-10-23,2014-11-20,2014-10-25,Estrada da saúde n. 58,Lisboa,1756,Portugal,Princesa Isabel Vinhos
10397,2014-12-27,2015-01-24,2015-01-02,Estrada da saúde n. 58,Lisboa,1756,Portugal,Princesa Isabel Vinhos
10433,2015-02-03,2015-03-03,2015-03-04,Estrada da saúde n. 58,Lisboa,1756,Portugal,Princesa Isabel Vinhos
10477,2015-03-17,2015-04-14,2015-03-25,Estrada da saúde n. 58,Lisboa,1756,Portugal,Princesa Isabel Vinhos
10540,2015-05-19,2015-06-16,2015-06-13,Taucherstraße 10,Cunewalde,01307,Germany,QUICK Stop
10527,2015-05-05,2015-06-02,2015-05-07,Taucherstraße 10,Cunewalde,01307,Germany,QUICK Stop
10515,2015-04-23,2015-05-07,2015-05-23,Taucherstraße 10,Cunewalde,01307,Germany,QUICK Stop
10451,2015-02-19,2015-03-05,2015-03-12,Taucherstraße 10,Cunewalde,01307,Germany,QUICK Stop
10418,2015-01-17,2015-02-14,2015-01-24,Taucherstraße 10,Cunewalde,01307,Germany,QUICK Stop
10345,2014-11-04,2014-12-02,2014-11-11,Taucherstraße 10,Cunewalde,01307,Germany,QUICK Stop
10361,2014-11-22,2014-12-20,2014-12-03,Taucherstraße 10,Cunewalde,01307,Germany,QUICK Stop
10273,2014-08-05,2014-09-02,2014-08-12,Taucherstraße 10,Cunewalde,01307,Germany,QUICK Stop
10285,2014-08-20,2014-09-17,2014-08-26,Taucherstraße 10,Cunewalde,01307,Germany,QUICK Stop
10286,2014-08-21,2014-09-18,2014-08-30,Taucherstraße 10,Cunewalde,01307,Germany,QUICK Stop
10313,2014-09-24,2014-10-22,2014-10-04,Taucherstraße 10,Cunewalde,01307,Germany,QUICK Stop
10588,2015-07-03,2015-07-31,2015-07-10,Taucherstraße 10,Cunewalde,01307,Germany,QUICK Stop
10549,2015-05-27,2015-06-10,2015-05-30,Taucherstraße 10,Cunewalde,01307,Germany,QUICK Stop
10448,2015-02-17,2015-03-17,2015-02-24,Av. del Libertador 900,Buenos Aires,1010,Argentina,Rancho grande
10428,2015-01-28,2015-02-25,2015-02-04,Strada Provinciale 124,Reggio Emilia,42100,Italy,Reggiani Caseifici
10443,2015-02-12,2015-03-12,2015-02-14,Strada Provinciale 124,Reggio Emilia,42100,Italy,Reggiani Caseifici
10288,2014-08-23,2014-09-20,2014-09-03,Strada Provinciale 124,Reggio Emilia,42100,Italy,Reggiani Caseifici
10562,2015-06-09,2015-07-07,2015-06-12,Strada Provinciale 124,Reggio Emilia,42100,Italy,Reggiani Caseifici
10586,2015-07-02,2015-07-30,2015-07-09,Strada Provinciale 124,Reggio Emilia,42100,Italy,Reggiani Caseifici
10537,2015-05-14,2015-05-28,2015-05-19,Starenweg 5,Genève,1204,Switzerland,Richter Supermarkt
10255,2014-07-12,2014-08-09,2014-07-15,Starenweg 5,Genève,1204,Switzerland,Richter Supermarkt
10419,2015-01-20,2015-02-17,2015-01-30,Starenweg 5,Genève,1204,Switzerland,Richter Supermarkt
10281,2014-08-14,2014-08-28,2014-08-21,"Gran Vía, 1",Madrid,28001,Spain,Romero y tomillo
10282,2014-08-15,2014-09-12,2014-08-21,"Gran Vía, 1",Madrid,28001,Spain,Romero y tomillo
10306,2014-09-16,2014-10-14,2014-09-23,"Gran Vía, 1",Madrid,28001,Spain,Romero y tomillo
10387,2014-12-18,2015-01-15,2014-12-20,Erling Skakkes gate 78,Stavern,4110,Norway,Sant urmet
10520,2015-04-29,2015-05-27,2015-05-01,Erling Skakkes gate 78,Stavern,4110,Norway,Sant urmet
10523,2015-05-01,2015-05-29,2015-05-30,90 Wadhurst Rd.,London,OX15 4NB,UK,Seven Seas Imports
10472,2015-03-12,2015-04-09,2015-03-19,90 Wadhurst Rd.,London,OX15 4NB,UK,Seven Seas Imports
10388,2014-12-19,2015-01-16,2014-12-20,90 Wadhurst Rd.,London,OX15 4NB,UK,Seven Seas Imports
10377,2014-12-09,2015-01-06,2014-12-13,90 Wadhurst Rd.,London,OX15 4NB,UK,Seven Seas Imports
10359,2014-11-21,2014-12-19,2014-11-26,90 Wadhurst Rd.,London,OX15 4NB,UK,Seven Seas Imports
10547,2015-05-23,2015-06-20,2015-06-02,90 Wadhurst Rd.,London,OX15 4NB,UK,Seven Seas Imports
10556,2015-06-03,2015-07-15,2015-06-13,Vinbæltet 34,Kobenhavn,1734,Denmark,Simons bistro
10341,2014-10-29,2014-11-26,2014-11-05,Vinbæltet 34,Kobenhavn,1734,Denmark,Simons bistro
10417,2015-01-16,2015-02-13,2015-01-28,Vinbæltet 34,Kobenhavn,1734,Denmark,Simons bistro
10458,2015-02-26,2015-03-26,2015-03-04,"Boulevard Tirou, 255",Charleroi,B-6000,Belgium,Suprmes dlices
10463,2015-03-04,2015-04-01,2015-03-06,"Boulevard Tirou, 255",Charleroi,B-6000,Belgium,Suprmes dlices
10475,2015-03-14,2015-04-11,2015-04-04,"Boulevard Tirou, 255",Charleroi,B-6000,Belgium,Suprmes dlices
10302,2014-09-10,2014-10-08,2014-10-09,"Boulevard Tirou, 255",Charleroi,B-6000,Belgium,Suprmes dlices
10252,2014-07-09,2014-08-06,2014-07-11,"Boulevard Tirou, 255",Charleroi,B-6000,Belgium,Suprmes dlices
10446,2015-02-14,2015-03-14,2015-02-19,Luisenstr. 48,Münster,44087,Germany,Toms Spezialitten
10438,2015-02-06,2015-03-06,2015-02-14,Luisenstr. 48,Münster,44087,Germany,Toms Spezialitten
10548,2015-05-26,2015-06-23,2015-06-02,Luisenstr. 48,Münster,44087,Germany,Toms Spezialitten
10576,2015-06-23,2015-07-07,2015-06-30,Avda. Azteca 123,México D.F.,05033,Mexico,Tortuga Restaurante
10518,2015-04-25,2015-05-09,2015-05-05,Avda. Azteca 123,México D.F.,05033,Mexico,Tortuga Restaurante
10276,2014-08-08,2014-08-22,2014-08-14,Avda. Azteca 123,México D.F.,05033,Mexico,Tortuga Restaurante
10304,2014-09-12,2014-10-10,2014-09-17,Avda. Azteca 123,México D.F.,05033,Mexico,Tortuga Restaurante
10293,2014-08-29,2014-09-26,2014-09-11,Avda. Azteca 123,México D.F.,05033,Mexico,Tortuga Restaurante
10319,2014-10-02,2014-10-30,2014-10-11,Avda. Azteca 123,México D.F.,05033,Mexico,Tortuga Restaurante
10367,2014-11-28,2014-12-26,2014-12-02,Smagsloget 45,Århus,8200,Denmark,Vaffeljernet
10465,2015-03-05,2015-04-02,2015-03-14,Smagsloget 45,Århus,8200,Denmark,Vaffeljernet
10399,2014-12-31,2015-01-14,2015-01-08,Smagsloget 45,Århus,8200,Denmark,Vaffeljernet
10591,2015-07-07,2015-07-21,2015-07-16,Smagsloget 45,Århus,8200,Denmark,Vaffeljernet
10546,2015-05-23,2015-06-20,2015-05-27,"2, rue du Commerce",Lyon,69004,France,Victuailles en stock
10459,2015-02-27,2015-03-27,2015-02-28,"2, rue du Commerce",Lyon,69004,France,Victuailles en stock
10450,2015-02-19,2015-03-19,2015-03-11,"2, rue du Commerce",Lyon,69004,France,Victuailles en stock
10478,2015-03-18,2015-04-01,2015-03-26,"2, rue du Commerce",Lyon,69004,France,Victuailles en stock
10334,2014-10-21,2014-11-18,2014-10-28,"2, rue du Commerce",Lyon,69004,France,Victuailles en stock
10251,2014-07-08,2014-08-05,2014-07-15,"2, rue du Commerce",Lyon,69004,France,Victuailles en stock
10248,2015-07-04,2015-08-01,2015-07-16,59 rue de l'Abbaye,Reims,51100,France,Vins et alcools Chevalier
10274,2014-08-06,2014-09-03,2014-08-16,59 rue de l'Abbaye,Reims,51100,France,Vins et alcools Chevalier
10295,2014-09-02,2014-09-30,2014-09-10,59 rue de l'Abbaye,Reims,51100,France,Vins et alcools Chevalier
10301,2014-09-09,2014-10-07,2014-09-17,Adenauerallee 900,Stuttgart,70563,Germany,Die Wandernde Kuh
10312,2014-09-23,2014-10-21,2014-10-03,Adenauerallee 900,Stuttgart,70563,Germany,Die Wandernde Kuh
10348,2014-11-07,2014-12-05,2014-11-15,Adenauerallee 900,Stuttgart,70563,Germany,Die Wandernde Kuh
10356,2014-11-18,2014-12-16,2014-11-27,Adenauerallee 900,Stuttgart,70563,Germany,Die Wandernde Kuh
10513,2015-04-22,2015-06-03,2015-04-28,Adenauerallee 900,Stuttgart,70563,Germany,Die Wandernde Kuh
10526,2015-05-05,2015-06-02,2015-05-15,Torikatu 38,Oulu,90110,Finland,Wartian Herkku
10455,2015-02-24,2015-04-07,2015-03-03,Torikatu 38,Oulu,90110,Finland,Wartian Herkku
10437,2015-02-05,2015-03-05,2015-02-12,Torikatu 38,Oulu,90110,Finland,Wartian Herkku
10416,2015-01-16,2015-02-13,2015-01-27,Torikatu 38,Oulu,90110,Finland,Wartian Herkku
10412,2015-01-13,2015-02-10,2015-01-15,Torikatu 38,Oulu,90110,Finland,Wartian Herkku
10333,2014-10-18,2014-11-15,2014-10-25,Torikatu 38,Oulu,90110,Finland,Wartian Herkku
10320,2014-10-03,2014-10-17,2014-10-18,Torikatu 38,Oulu,90110,Finland,Wartian Herkku
10270,2014-08-01,2014-08-29,2014-08-02,Torikatu 38,Oulu,90110,Finland,Wartian Herkku
10266,2014-07-26,2014-09-06,2014-07-31,Torikatu 38,Oulu,90110,Finland,Wartian Herkku
10553,2015-05-30,2015-06-27,2015-06-03,Torikatu 38,Oulu,90110,Finland,Wartian Herkku
10583,2015-06-30,2015-07-28,2015-07-04,Torikatu 38,Oulu,90110,Finland,Wartian Herkku
10374,2014-12-05,2015-01-02,2014-12-09,ul. Filtrowa 68,Warszawa,01-012,Poland,Wolski  Zajazd
10338,2014-10-25,2014-11-22,2014-10-29,2743 Bering St.,Anchorage,99508,USA,Old World Delicatessen
10305,2014-09-13,2014-10-11,2014-10-09,2743 Bering St.,Anchorage,99508,USA,Old World Delicatessen
10441,2015-02-10,2015-03-24,2015-03-14,2743 Bering St.,Anchorage,99508,USA,Old World Delicatessen
10594,2015-07-09,2015-08-06,2015-07-16,2743 Bering St.,Anchorage,99508,USA,Old World Delicatessen
10431,2015-01-30,2015-02-13,2015-02-07,23 Tsawassen Blvd.,Tsawassen,T2F 8M4,Canada,Bottom-Dollar Markets
10410,2015-01-10,2015-02-07,2015-01-15,23 Tsawassen Blvd.,Tsawassen,T2F 8M4,Canada,Bottom-Dollar Markets
10411,2015-01-10,2015-02-07,2015-01-21,23 Tsawassen Blvd.,Tsawassen,T2F 8M4,Canada,Bottom-Dollar Markets
10492,2015-04-01,2015-04-29,2015-04-11,23 Tsawassen Blvd.,Tsawassen,T2F 8M4,Canada,Bottom-Dollar Markets
10389,2014-12-20,2015-01-17,2014-12-24,23 Tsawassen Blvd.,Tsawassen,T2F 8M4,Canada,Bottom-Dollar Markets
10495,2015-04-03,2015-05-01,2015-04-11,2319 Elm St.,Vancouver,V3F 2K1,Canada,Laughing Bacchus Wine Cellars
10579,2015-06-25,2015-07-23,2015-07-04,87 Polk St. Suite 5,San Francisco,94117,USA,Let's Stop N Shop
10567,2015-06-12,2015-07-10,2015-06-17,8 Johnstown Road,Cork,NULL,Ireland,Hungry Owl All-Night Grocers
10503,2015-04-11,2015-05-09,2015-04-16,8 Johnstown Road,Cork,NULL,Ireland,Hungry Owl All-Night Grocers
10516,2015-04-24,2015-05-22,2015-05-01,8 Johnstown Road,Cork,NULL,Ireland,Hungry Owl All-Night Grocers
10429,2015-01-29,2015-03-12,2015-02-07,8 Johnstown Road,Cork,NULL,Ireland,Hungry Owl All-Night Grocers
10380,2014-12-12,2015-01-09,2015-01-16,8 Johnstown Road,Cork,NULL,Ireland,Hungry Owl All-Night Grocers
10373,2014-12-05,2015-01-02,2014-12-11,8 Johnstown Road,Cork,NULL,Ireland,Hungry Owl All-Night Grocers
10335,2014-10-22,2014-11-19,2014-10-24,8 Johnstown Road,Cork,NULL,Ireland,Hungry Owl All-Night Grocers
10309,2014-09-19,2014-10-17,2014-10-23,8 Johnstown Road,Cork,NULL,Ireland,Hungry Owl All-Night Grocers
10298,2014-09-05,2014-10-03,2014-09-11,8 Johnstown Road,Cork,NULL,Ireland,Hungry Owl All-Night Grocers
10268,2014-07-30,2014-08-27,2014-08-02,5ª Ave. Los Palos Grandes,Caracas,1081,Venezuela,GROSELLA-Restaurante
10324,2014-10-08,2014-11-05,2014-10-10,187 Suffolk Ln.,Boise,83720,USA,Save-a-lot Markets
10393,2014-12-25,2015-01-22,2015-01-03,187 Suffolk Ln.,Boise,83720,USA,Save-a-lot Markets
10398,2014-12-30,2015-01-27,2015-01-09,187 Suffolk Ln.,Boise,83720,USA,Save-a-lot Markets
10440,2015-02-10,2015-03-10,2015-02-28,187 Suffolk Ln.,Boise,83720,USA,Save-a-lot Markets
10452,2015-02-20,2015-03-20,2015-02-26,187 Suffolk Ln.,Boise,83720,USA,Save-a-lot Markets
10510,2015-04-18,2015-05-16,2015-04-28,187 Suffolk Ln.,Boise,83720,USA,Save-a-lot Markets
10555,2015-06-02,2015-06-30,2015-06-04,187 Suffolk Ln.,Boise,83720,USA,Save-a-lot Markets
10473,2015-03-13,2015-03-27,2015-03-21,Garden House Crowther Way,Cowes,PO31 7PJ,UK,Island Trading
10321,2014-10-03,2014-10-31,2014-10-11,Garden House Crowther Way,Cowes,PO31 7PJ,UK,Island Trading
10318,2014-10-01,2014-10-29,2014-10-04,Garden House Crowther Way,Cowes,PO31 7PJ,UK,Island Trading
10315,2014-09-26,2014-10-24,2014-10-03,Garden House Crowther Way,Cowes,PO31 7PJ,UK,Island Trading
10296,2014-09-03,2014-10-01,2014-09-11,Carrera 52 con Ave. Bolívar #65-98 Llano Lar,Barquisimeto,3508,Venezuela,LILA-Supermercado
10283,2014-08-16,2014-09-13,2014-08-23,Carrera 52 con Ave. Bolívar #65-98 Llano Lar,Barquisimeto,3508,Venezuela,LILA-Supermercado
10330,2014-10-16,2014-11-13,2014-10-28,Carrera 52 con Ave. Bolívar #65-98 Llano Lar,Barquisimeto,3508,Venezuela,LILA-Supermercado
10357,2014-11-19,2014-12-17,2014-12-02,Carrera 52 con Ave. Bolívar #65-98 Llano Lar,Barquisimeto,3508,Venezuela,LILA-Supermercado
10381,2014-12-12,2015-01-09,2014-12-13,Carrera 52 con Ave. Bolívar #65-98 Llano Lar,Barquisimeto,3508,Venezuela,LILA-Supermercado
10499,2015-04-08,2015-05-06,2015-04-16,Carrera 52 con Ave. Bolívar #65-98 Llano Lar,Barquisimeto,3508,Venezuela,LILA-Supermercado
10461,2015-02-28,2015-03-28,2015-03-05,Carrera 52 con Ave. Bolívar #65-98 Llano Lar,Barquisimeto,3508,Venezuela,LILA-Supermercado
10543,2015-05-21,2015-06-18,2015-05-23,Carrera 52 con Ave. Bolívar #65-98 Llano Lar,Barquisimeto,3508,Venezuela,LILA-Supermercado
10569,2015-06-16,2015-07-14,2015-07-11,2817 Milton Dr.,Albuquerque,87110,USA,Rattlesnake Canyon Grocery
10564,2015-06-10,2015-07-08,2015-06-16,2817 Milton Dr.,Albuquerque,87110,USA,Rattlesnake Canyon Grocery
10598,2015-07-14,2015-08-11,2015-07-18,2817 Milton Dr.,Albuquerque,87110,USA,Rattlesnake Canyon Grocery
10401,2015-01-01,2015-01-29,2015-01-10,2817 Milton Dr.,Albuquerque,87110,USA,Rattlesnake Canyon Grocery
10479,2015-03-19,2015-04-16,2015-03-21,2817 Milton Dr.,Albuquerque,87110,USA,Rattlesnake Canyon Grocery
10346,2014-11-05,2014-12-17,2014-11-08,2817 Milton Dr.,Albuquerque,87110,USA,Rattlesnake Canyon Grocery
10262,2014-07-22,2014-08-19,2014-07-25,2817 Milton Dr.,Albuquerque,87110,USA,Rattlesnake Canyon Grocery
10272,2014-08-02,2014-08-30,2014-08-06,2817 Milton Dr.,Albuquerque,87110,USA,Rattlesnake Canyon Grocery
10294,2014-08-30,2014-09-27,2014-09-05,2817 Milton Dr.,Albuquerque,87110,USA,Rattlesnake Canyon Grocery
10316,2014-09-27,2014-10-25,2014-10-08,2817 Milton Dr.,Albuquerque,87110,USA,Rattlesnake Canyon Grocery
10314,2014-09-25,2014-10-23,2014-10-04,2817 Milton Dr.,Albuquerque,87110,USA,Rattlesnake Canyon Grocery
10485,2015-03-25,2015-04-08,2015-03-31,Ave. 5 de Mayo Porlamar,I. de Margarita,4980,Venezuela,LINO-Delicateses
10405,2015-01-06,2015-02-03,2015-01-22,Ave. 5 de Mayo Porlamar,I. de Margarita,4980,Venezuela,LINO-Delicateses
10528,2015-05-06,2015-05-20,2015-05-09,2732 Baker Blvd.,Eugene,97403,USA,Great Lakes Food Market
10589,2015-07-04,2015-08-01,2015-07-14,2732 Baker Blvd.,Eugene,97403,USA,Great Lakes Food Market
10415,2015-01-15,2015-02-12,2015-01-24,City Center Plaza 516 Main St.,Elgin,97827,USA,Hungry Coyote Import Store
10394,2014-12-25,2015-01-22,2015-01-03,City Center Plaza 516 Main St.,Elgin,97827,USA,Hungry Coyote Import Store
10375,2014-12-06,2015-01-03,2014-12-09,City Center Plaza 516 Main St.,Elgin,97827,USA,Hungry Coyote Import Store
10317,2014-09-30,2014-10-28,2014-10-10,89 Chiaroscuro Rd.,Portland,97219,USA,Lonesome Pine Restaurant
10307,2014-09-17,2014-10-15,2014-09-25,89 Chiaroscuro Rd.,Portland,97219,USA,Lonesome Pine Restaurant
10544,2015-05-21,2015-06-18,2015-05-30,89 Chiaroscuro Rd.,Portland,97219,USA,Lonesome Pine Restaurant
10310,2014-09-20,2014-10-18,2014-09-27,89 Jefferson Way Suite 2,Portland,97201,USA,The Big Cheese
10376,2014-12-09,2015-01-06,2014-12-13,43 rue St. Laurent,Montréal,H1J 1C3,Canada,Mre Paillarde
10339,2014-10-28,2014-11-25,2014-11-04,43 rue St. Laurent,Montréal,H1J 1C3,Canada,Mre Paillarde
10332,2014-10-17,2014-11-28,2014-10-21,43 rue St. Laurent,Montréal,H1J 1C3,Canada,Mre Paillarde
10424,2015-01-23,2015-02-20,2015-01-27,43 rue St. Laurent,Montréal,H1J 1C3,Canada,Mre Paillarde
10439,2015-02-07,2015-03-07,2015-02-10,43 rue St. Laurent,Montréal,H1J 1C3,Canada,Mre Paillarde
10505,2015-04-14,2015-05-12,2015-04-21,43 rue St. Laurent,Montréal,H1J 1C3,Canada,Mre Paillarde
10565,2015-06-11,2015-07-09,2015-06-18,43 rue St. Laurent,Montréal,H1J 1C3,Canada,Mre Paillarde
10570,2015-06-17,2015-07-15,2015-06-19,43 rue St. Laurent,Montréal,H1J 1C3,Canada,Mre Paillarde
10590,2015-07-07,2015-08-04,2015-07-14,43 rue St. Laurent,Montréal,H1J 1C3,Canada,Mre Paillarde
10541,2015-05-19,2015-06-16,2015-05-29,"Rua do Paço, 67",Rio de Janeiro,05454-876,Brazil,Hanari Carnes
10250,2014-07-08,2014-08-05,2014-07-12,"Rua do Paço, 67",Rio de Janeiro,05454-876,Brazil,Hanari Carnes
10253,2014-07-10,2014-07-24,2014-07-16,"Rua do Paço, 67",Rio de Janeiro,05454-876,Brazil,Hanari Carnes
10261,2014-07-19,2014-08-16,2014-07-30,"Rua da Panificadora, 12",Rio de Janeiro,02389-673,Brazil,Que Delcia
10291,2014-08-27,2014-09-24,2014-09-04,"Rua da Panificadora, 12",Rio de Janeiro,02389-673,Brazil,Que Delcia
10379,2014-12-11,2015-01-08,2014-12-13,"Rua da Panificadora, 12",Rio de Janeiro,02389-673,Brazil,Que Delcia
10421,2015-01-21,2015-03-04,2015-01-27,"Rua da Panificadora, 12",Rio de Janeiro,02389-673,Brazil,Que Delcia
10587,2015-07-02,2015-07-30,2015-07-09,"Rua da Panificadora, 12",Rio de Janeiro,02389-673,Brazil,Que Delcia
10563,2015-06-10,2015-07-22,2015-06-24,"Av. Copacabana, 267",Rio de Janeiro,02389-890,Brazil,Ricardo Adocicados
10447,2015-02-14,2015-03-14,2015-03-07,"Av. Copacabana, 267",Rio de Janeiro,02389-890,Brazil,Ricardo Adocicados
10481,2015-03-20,2015-04-17,2015-03-25,"Av. Copacabana, 267",Rio de Janeiro,02389-890,Brazil,Ricardo Adocicados
10299,2014-09-06,2014-10-04,2014-09-13,"Av. Copacabana, 267",Rio de Janeiro,02389-890,Brazil,Ricardo Adocicados
10287,2014-08-22,2014-09-19,2014-08-28,"Av. Copacabana, 267",Rio de Janeiro,02389-890,Brazil,Ricardo Adocicados
10290,2014-08-27,2014-09-24,2014-09-03,"Av. dos Lusíadas, 23",Sao Paulo,05432-043,Brazil,Comrcio Mineiro
10494,2015-04-02,2015-04-30,2015-04-09,"Av. dos Lusíadas, 23",Sao Paulo,05432-043,Brazil,Comrcio Mineiro
10466,2015-03-06,2015-04-03,2015-03-13,"Av. dos Lusíadas, 23",Sao Paulo,05432-043,Brazil,Comrcio Mineiro
10414,2015-01-14,2015-02-11,2015-01-17,"Rua Orós, 92",Sao Paulo,05442-030,Brazil,Familia Arquibaldo
10512,2015-04-21,2015-05-19,2015-04-24,"Rua Orós, 92",Sao Paulo,05442-030,Brazil,Familia Arquibaldo
10386,2014-12-18,2015-01-01,2014-12-25,"Rua Orós, 92",Sao Paulo,05442-030,Brazil,Familia Arquibaldo
10347,2014-11-06,2014-12-04,2014-11-08,"Rua Orós, 92",Sao Paulo,05442-030,Brazil,Familia Arquibaldo
10581,2015-06-26,2015-07-24,2015-07-02,"Rua Orós, 92",Sao Paulo,05442-030,Brazil,Familia Arquibaldo
10423,2015-01-23,2015-02-06,2015-02-24,"Av. Brasil, 442",Campinas,04876-786,Brazil,urmet Lanchonetes
10406,2015-01-07,2015-02-18,2015-01-13,"Alameda dos Canàrios, 891",Sao Paulo,05487-020,Brazil,Queen Cozinha
10487,2015-03-26,2015-04-23,2015-03-28,"Alameda dos Canàrios, 891",Sao Paulo,05487-020,Brazil,Queen Cozinha
10372,2014-12-04,2015-01-01,2014-12-09,"Alameda dos Canàrios, 891",Sao Paulo,05487-020,Brazil,Queen Cozinha
10292,2014-08-28,2014-09-25,2014-09-02,"Av. Inês de Castro, 414",Sao Paulo,05634-030,Brazil,Tradio Hipermercados
10496,2015-04-04,2015-05-02,2015-04-07,"Av. Inês de Castro, 414",Sao Paulo,05634-030,Brazil,Tradio Hipermercados
10420,2015-01-21,2015-02-18,2015-01-27,"Rua do Mercado, 12",Resende,08737-363,Brazil,Wellington Importadora
10256,2014-07-15,2014-08-12,2014-07-17,"Rua do Mercado, 12",Resende,08737-363,Brazil,Wellington Importadora
10585,2015-07-01,2015-07-29,2015-07-10,"Rua do Mercado, 12",Resende,08737-363,Brazil,Wellington Importadora
10552,2015-05-29,2015-06-26,2015-06-05,Carrera 22 con Ave. Carlos Soublette #8-35,San Cristóbal,5022,Venezuela,HILARION-Abastos
10257,2014-07-16,2014-08-13,2014-07-22,Carrera 22 con Ave. Carlos Soublette #8-35,San Cristóbal,5022,Venezuela,HILARION-Abastos
10395,2014-12-26,2015-01-23,2015-01-03,Carrera 22 con Ave. Carlos Soublette #8-35,San Cristóbal,5022,Venezuela,HILARION-Abastos
10498,2015-04-07,2015-05-05,2015-04-11,Carrera 22 con Ave. Carlos Soublette #8-35,San Cristóbal,5022,Venezuela,HILARION-Abastos
10486,2015-03-26,2015-04-23,2015-04-02,Carrera 22 con Ave. Carlos Soublette #8-35,San Cristóbal,5022,Venezuela,HILARION-Abastos
10490,2015-03-31,2015-04-28,2015-04-03,Carrera 22 con Ave. Carlos Soublette #8-35,San Cristóbal,5022,Venezuela,HILARION-Abastos
10476,2015-03-17,2015-04-14,2015-03-24,Carrera 22 con Ave. Carlos Soublette #8-35,San Cristóbal,5022,Venezuela,HILARION-Abastos
10482,2015-03-21,2015-04-18,2015-04-10,12 Orchestra Terrace,Walla Walla,99362,USA,Lazy K Kountry Store
10545,2015-05-22,2015-06-19,2015-06-26,12 Orchestra Terrace,Walla Walla,99362,USA,Lazy K Kountry Store
10574,2015-06-19,2015-07-17,2015-06-30,722 DaVinci Blvd.,Kirkland,98034,USA,Trail's Head urmet Provisioners
10577,2015-06-23,2015-08-04,2015-06-30,722 DaVinci Blvd.,Kirkland,98034,USA,Trail's Head urmet Provisioners
10596,2015-07-11,2015-08-08,2015-08-12,1029 - 12th Ave. S.,Seattle,98124,USA,White Clover Markets
10483,2015-03-24,2015-04-21,2015-04-25,1029 - 12th Ave. S.,Seattle,98124,USA,White Clover Markets
10469,2015-03-10,2015-04-07,2015-03-14,1029 - 12th Ave. S.,Seattle,98124,USA,White Clover Markets
10504,2015-04-11,2015-05-09,2015-04-18,1029 - 12th Ave. S.,Seattle,98124,USA,White Clover Markets
10344,2014-11-01,2014-11-29,2014-11-05,1029 - 12th Ave. S.,Seattle,98124,USA,White Clover Markets
10269,2014-07-31,2014-08-14,2014-08-09,1029 - 12th Ave. S.,Seattle,98124,USA,White Clover Markets
10271,2014-08-01,2014-08-29,2014-08-30,P.O. Box 555,Lander,82520,USA,Split Rail Beer & Ale
10349,2014-11-08,2014-12-06,2014-11-15,P.O. Box 555,Lander,82520,USA,Split Rail Beer & Ale
10329,2014-10-15,2014-11-26,2014-10-23,P.O. Box 555,Lander,82520,USA,Split Rail Beer & Ale
10385,2014-12-17,2015-01-14,2014-12-23,P.O. Box 555,Lander,82520,USA,Split Rail Beer & Ale
10369,2014-12-02,2014-12-30,2014-12-09,P.O. Box 555,Lander,82520,USA,Split Rail Beer & Ale
10432,2015-01-31,2015-02-14,2015-02-07,P.O. Box 555,Lander,82520,USA,Split Rail Beer & Ale
