10248,2015-07-04,2015-08-01,2015-07-16,59 rue de l'Abbaye,Reims,51100,France,Vins et alcools Chevalier
10249,2014-07-05,2014-08-16,2014-07-10,Luisenstr. 48,Münster,44087,Germany,Toms Spezialitten
10250,2014-07-08,2014-08-05,2014-07-12,Rua do Paço  67,Rio de Janeiro,05454-876,Brazil,Hanari Carnes
10251,2014-07-08,2014-08-05,2014-07-15,2  rue du Commerce,Lyon,69004,France,Victuailles en stock
10252,2014-07-09,2014-08-06,2014-07-11,Boulevard Tirou  255,Charleroi,B-6000,Belgium,Suprmes dlices
10253,2014-07-10,2014-07-24,2014-07-16,Rua do Paço  67,Rio de Janeiro,05454-876,Brazil,Hanari Carnes
10254,2014-07-11,2014-08-08,2014-07-23,Hauptstr. 31,Bern,3012,Switzerland,Chop-suey Chinese
10255,2014-07-12,2014-08-09,2014-07-15,Starenweg 5,Genève,1204,Switzerland,Richter Supermarkt
10256,2014-07-15,2014-08-12,2014-07-17,Rua do Mercado  12,Resende,08737-363,Brazil,Wellington Importadora
10257,2014-07-16,2014-08-13,2014-07-22,Carrera 22 con Ave. Carlos Soublette #8-35,San Cristóbal,5022,Venezuela,HILARION-Abastos
10258,2014-07-17,2014-08-14,2014-07-23,Kirchgasse 6,Graz,8010,Austria,Ernst Handel
10259,2014-07-18,2014-08-15,2014-07-25,Sierras de Granada 9993,México D.F.,05022,Mexico,Centro comercial Moctezuma
10260,2014-07-19,2014-08-16,2014-07-29,Mehrheimerstr. 369,Köln,50739,Germany,Ottilies Kseladen
10261,2014-07-19,2014-08-16,2014-07-30,Rua da Panificadora  12,Rio de Janeiro,02389-673,Brazil,Que Delcia
10262,2014-07-22,2014-08-19,2014-07-25,2817 Milton Dr.,Albuquerque,87110,USA,Rattlesnake Canyon Grocery
10263,2014-07-23,2014-08-20,2014-07-31,Kirchgasse 6,Graz,8010,Austria,Ernst Handel
10264,2014-07-24,2014-08-21,2014-08-23,Åkergatan 24,Bräcke,S-844 67,Sweden,Folk och f HB
10265,2014-07-25,2014-08-22,2014-08-12,24  place Kléber,Strasbourg,67000,France,Blondesddsl pre et fils
10266,2014-07-26,2014-09-06,2014-07-31,Torikatu 38,Oulu,90110,Finland,Wartian Herkku
10267,2014-07-29,2014-08-26,2014-08-06,Berliner Platz 43,München,80805,Germany,Frankenversand
10268,2014-07-30,2014-08-27,2014-08-02,5ª Ave. Los Palos Grandes,Caracas,1081,Venezuela,GROSELLA-Restaurante
10269,2014-07-31,2014-08-14,2014-08-09,1029 - 12th Ave. S.,Seattle,98124,USA,White Clover Markets
10270,2014-08-01,2014-08-29,2014-08-02,Torikatu 38,Oulu,90110,Finland,Wartian Herkku
10271,2014-08-01,2014-08-29,2014-08-30,P.O. Box 555,Lander,82520,USA,Split Rail Beer & Ale
10272,2014-08-02,2014-08-30,2014-08-06,2817 Milton Dr.,Albuquerque,87110,USA,Rattlesnake Canyon Grocery
10273,2014-08-05,2014-09-02,2014-08-12,Taucherstraße 10,Cunewalde,01307,Germany,QUICK Stop
10274,2014-08-06,2014-09-03,2014-08-16,59 rue de l'Abbaye,Reims,51100,France,Vins et alcools Chevalier
10275,2014-08-07,2014-09-04,2014-08-09,Via Ludovico il Moro 22,Bergamo,24100,Italy,Magazzini Alimentari Riuniti
10276,2014-08-08,2014-08-22,2014-08-14,Avda. Azteca 123,México D.F.,05033,Mexico,Tortuga Restaurante
10277,2014-08-09,2014-09-06,2014-08-13,Heerstr. 22,Leipzig,04179,Germany,Morgenstern Gesundkost
10278,2014-08-12,2014-09-09,2014-08-16,Berguvsvägen  8,Luleå,S-958 22,Sweden,Berglunds snabbkp
10279,2014-08-13,2014-09-10,2014-08-16,Magazinweg 7,Frankfurt a.M.,60528,Germany,Lehmanns Marktstand
10280,2014-08-14,2014-09-11,2014-09-12,Berguvsvägen  8,Luleå,S-958 22,Sweden,Berglunds snabbkp
10281,2014-08-14,2014-08-28,2014-08-21,Gran Vía  1,Madrid,28001,Spain,Romero y tomillo
10282,2014-08-15,2014-09-12,2014-08-21,Gran Vía  1,Madrid,28001,Spain,Romero y tomillo
10283,2014-08-16,2014-09-13,2014-08-23,Carrera 52 con Ave. Bolívar #65-98 Llano Lar,Barquisimeto,3508,Venezuela,LILA-Supermercado
10284,2014-08-19,2014-09-16,2014-08-27,Magazinweg 7,Frankfurt a.M.,60528,Germany,Lehmanns Marktstand
10285,2014-08-20,2014-09-17,2014-08-26,Taucherstraße 10,Cunewalde,01307,Germany,QUICK Stop
10286,2014-08-21,2014-09-18,2014-08-30,Taucherstraße 10,Cunewalde,01307,Germany,QUICK Stop
10287,2014-08-22,2014-09-19,2014-08-28,Av. Copacabana  267,Rio de Janeiro,02389-890,Brazil,Ricardo Adocicados
10288,2014-08-23,2014-09-20,2014-09-03,Strada Provinciale 124,Reggio Emilia,42100,Italy,Reggiani Caseifici
10289,2014-08-26,2014-09-23,2014-08-28,Fauntleroy Circus,London,EC2 5NT,UK,B's Beverages
10290,2014-08-27,2014-09-24,2014-09-03,Av. dos Lusíadas  23,Sao Paulo,05432-043,Brazil,Comrcio Mineiro
10291,2014-08-27,2014-09-24,2014-09-04,Rua da Panificadora  12,Rio de Janeiro,02389-673,Brazil,Que Delcia
10292,2014-08-28,2014-09-25,2014-09-02,Av. Inês de Castro  414,Sao Paulo,05634-030,Brazil,Tradio Hipermercados
10293,2014-08-29,2014-09-26,2014-09-11,Avda. Azteca 123,México D.F.,05033,Mexico,Tortuga Restaurante
10294,2014-08-30,2014-09-27,2014-09-05,2817 Milton Dr.,Albuquerque,87110,USA,Rattlesnake Canyon Grocery
10295,2014-09-02,2014-09-30,2014-09-10,59 rue de l'Abbaye,Reims,51100,France,Vins et alcools Chevalier
10296,2014-09-03,2014-10-01,2014-09-11,Carrera 52 con Ave. Bolívar #65-98 Llano Lar,Barquisimeto,3508,Venezuela,LILA-Supermercado
10297,2014-09-04,2014-10-16,2014-09-10,24  place Kléber,Strasbourg,67000,France,Blondesddsl pre et fils
10298,2014-09-05,2014-10-03,2014-09-11,8 Johnstown Road,Cork,,Ireland,Hungry Owl All-Night Grocers
10299,2014-09-06,2014-10-04,2014-09-13,Av. Copacabana  267,Rio de Janeiro,02389-890,Brazil,Ricardo Adocicados
10300,2014-09-09,2014-10-07,2014-09-18,Via Ludovico il Moro 22,Bergamo,24100,Italy,Magazzini Alimentari Riuniti
10301,2014-09-09,2014-10-07,2014-09-17,Adenauerallee 900,Stuttgart,70563,Germany,Die Wandernde Kuh
10302,2014-09-10,2014-10-08,2014-10-09,Boulevard Tirou  255,Charleroi,B-6000,Belgium,Suprmes dlices
10303,2014-09-11,2014-10-09,2014-09-18,C/ Romero  33,Sevilla,41101,Spain,dos Cocina Tpica
10304,2014-09-12,2014-10-10,2014-09-17,Avda. Azteca 123,México D.F.,05033,Mexico,Tortuga Restaurante
10305,2014-09-13,2014-10-11,2014-10-09,2743 Bering St.,Anchorage,99508,USA,Old World Delicatessen
10306,2014-09-16,2014-10-14,2014-09-23,Gran Vía  1,Madrid,28001,Spain,Romero y tomillo
10307,2014-09-17,2014-10-15,2014-09-25,89 Chiaroscuro Rd.,Portland,97219,USA,Lonesome Pine Restaurant
10308,2014-09-18,2014-10-16,2014-09-24,Avda. de la Constitución 2222,México D.F.,05021,Mexico,Ana Trujillo Emparedados y helados
10309,2014-09-19,2014-10-17,2014-10-23,8 Johnstown Road,Cork,,Ireland,Hungry Owl All-Night Grocers
10310,2014-09-20,2014-10-18,2014-09-27,89 Jefferson Way Suite 2,Portland,97201,USA,The Big Cheese
10311,2014-09-20,2014-10-04,2014-09-26,67  rue des Cinquante Otages,Nantes,44000,France,Du monde entier
10312,2014-09-23,2014-10-21,2014-10-03,Adenauerallee 900,Stuttgart,70563,Germany,Die Wandernde Kuh
10313,2014-09-24,2014-10-22,2014-10-04,Taucherstraße 10,Cunewalde,01307,Germany,QUICK Stop
10314,2014-09-25,2014-10-23,2014-10-04,2817 Milton Dr.,Albuquerque,87110,USA,Rattlesnake Canyon Grocery
10315,2014-09-26,2014-10-24,2014-10-03,Garden House Crowther Way,Cowes,PO31 7PJ,UK,Island Trading
10316,2014-09-27,2014-10-25,2014-10-08,2817 Milton Dr.,Albuquerque,87110,USA,Rattlesnake Canyon Grocery
10317,2014-09-30,2014-10-28,2014-10-10,89 Chiaroscuro Rd.,Portland,97219,USA,Lonesome Pine Restaurant
10318,2014-10-01,2014-10-29,2014-10-04,Garden House Crowther Way,Cowes,PO31 7PJ,UK,Island Trading
10319,2014-10-02,2014-10-30,2014-10-11,Avda. Azteca 123,México D.F.,05033,Mexico,Tortuga Restaurante
10320,2014-10-03,2014-10-17,2014-10-18,Torikatu 38,Oulu,90110,Finland,Wartian Herkku
10321,2014-10-03,2014-10-31,2014-10-11,Garden House Crowther Way,Cowes,PO31 7PJ,UK,Island Trading
10322,2014-10-04,2014-11-01,2014-10-23,Calle Dr. Jorge Cash 321,México D.F.,05033,Mexico,Pericles Comidas clsicas
10323,2014-10-07,2014-11-04,2014-10-14,Maubelstr. 90,Brandenburg,14776,Germany,Kniglich Essen
10324,2014-10-08,2014-11-05,2014-10-10,187 Suffolk Ln.,Boise,83720,USA,Save-a-lot Markets
10325,2014-10-09,2014-10-23,2014-10-14,Maubelstr. 90,Brandenburg,14776,Germany,Kniglich Essen
10326,2014-10-10,2014-11-07,2014-10-14,C/ Araquil  67,Madrid,28023,Spain,Balido Comidas preparadas
10327,2014-10-11,2014-11-08,2014-10-14,Åkergatan 24,Bräcke,S-844 67,Sweden,Folk och f HB
10328,2014-10-14,2014-11-11,2014-10-17,Jardim das rosas n. 32,Lisboa,1675,Portugal,Furia Bacalhau e Frutos do Mar
10329,2014-10-15,2014-11-26,2014-10-23,P.O. Box 555,Lander,82520,USA,Split Rail Beer & Ale
10330,2014-10-16,2014-11-13,2014-10-28,Carrera 52 con Ave. Bolívar #65-98 Llano Lar,Barquisimeto,3508,Venezuela,LILA-Supermercado
10331,2014-10-16,2014-11-27,2014-10-21,12  rue des Bouchers,Marseille,13008,France,Bon app'
10332,2014-10-17,2014-11-28,2014-10-21,43 rue St. Laurent,Montréal,H1J 1C3,Canada,Mre Paillarde
10333,2014-10-18,2014-11-15,2014-10-25,Torikatu 38,Oulu,90110,Finland,Wartian Herkku
10334,2014-10-21,2014-11-18,2014-10-28,2  rue du Commerce,Lyon,69004,France,Victuailles en stock
10335,2014-10-22,2014-11-19,2014-10-24,8 Johnstown Road,Cork,,Ireland,Hungry Owl All-Night Grocers
10336,2014-10-23,2014-11-20,2014-10-25,Estrada da saúde n. 58,Lisboa,1756,Portugal,Princesa Isabel Vinhos
10337,2014-10-24,2014-11-21,2014-10-29,Berliner Platz 43,München,80805,Germany,Frankenversand
10338,2014-10-25,2014-11-22,2014-10-29,2743 Bering St.,Anchorage,99508,USA,Old World Delicatessen
10339,2014-10-28,2014-11-25,2014-11-04,43 rue St. Laurent,Montréal,H1J 1C3,Canada,Mre Paillarde
10340,2014-10-29,2014-11-26,2014-11-08,12  rue des Bouchers,Marseille,13008,France,Bon app'
10341,2014-10-29,2014-11-26,2014-11-05,Vinbæltet 34,Kobenhavn,1734,Denmark,Simons bistro
10342,2014-10-30,2014-11-13,2014-11-04,Berliner Platz 43,München,80805,Germany,Frankenversand
10343,2014-10-31,2014-11-28,2014-11-06,Magazinweg 7,Frankfurt a.M.,60528,Germany,Lehmanns Marktstand
10344,2014-11-01,2014-11-29,2014-11-05,1029 - 12th Ave. S.,Seattle,98124,USA,White Clover Markets
10345,2014-11-04,2014-12-02,2014-11-11,Taucherstraße 10,Cunewalde,01307,Germany,QUICK Stop
10346,2014-11-05,2014-12-17,2014-11-08,2817 Milton Dr.,Albuquerque,87110,USA,Rattlesnake Canyon Grocery
10347,2014-11-06,2014-12-04,2014-11-08,Rua Orós  92,Sao Paulo,05442-030,Brazil,Familia Arquibaldo
10348,2014-11-07,2014-12-05,2014-11-15,Adenauerallee 900,Stuttgart,70563,Germany,Die Wandernde Kuh
10349,2014-11-08,2014-12-06,2014-11-15,P.O. Box 555,Lander,82520,USA,Split Rail Beer & Ale
10350,2014-11-11,2014-12-09,2014-12-03,1 rue Alsace-Lorraine,Toulouse,31000,France,La maison d'Asie
10351,2014-11-11,2014-12-09,2014-11-20,Kirchgasse 6,Graz,8010,Austria,Ernst Handel
10352,2014-11-12,2014-11-26,2014-11-18,Jardim das rosas n. 32,Lisboa,1675,Portugal,Furia Bacalhau e Frutos do Mar
10353,2014-11-13,2014-12-11,2014-11-25,Geislweg 14,Salzburg,5020,Austria,Piccolo und mehr
10354,2014-11-14,2014-12-12,2014-11-20,Calle Dr. Jorge Cash 321,México D.F.,05033,Mexico,Pericles Comidas clsicas
10355,2014-11-15,2014-12-13,2014-11-20,Brook Farm Stratford St. Mary,Colchester,CO7 6JX,UK,Around the Horn
10356,2014-11-18,2014-12-16,2014-11-27,Adenauerallee 900,Stuttgart,70563,Germany,Die Wandernde Kuh
10357,2014-11-19,2014-12-17,2014-12-02,Carrera 52 con Ave. Bolívar #65-98 Llano Lar,Barquisimeto,3508,Venezuela,LILA-Supermercado
10358,2014-11-20,2014-12-18,2014-11-27,1 rue Alsace-Lorraine,Toulouse,31000,France,La maison d'Asie
10359,2014-11-21,2014-12-19,2014-11-26,90 Wadhurst Rd.,London,OX15 4NB,UK,Seven Seas Imports
10360,2014-11-22,2014-12-20,2014-12-02,24  place Kléber,Strasbourg,67000,France,Blondesddsl pre et fils
10361,2014-11-22,2014-12-20,2014-12-03,Taucherstraße 10,Cunewalde,01307,Germany,QUICK Stop
10362,2014-11-25,2014-12-23,2014-11-28,12  rue des Bouchers,Marseille,13008,France,Bon app'
10363,2014-11-26,2014-12-24,2014-12-04,Walserweg 21,Aachen,52066,Germany,Drachenblut Delikatessen
10364,2014-11-26,2015-01-07,2014-12-04,35 King George,London,WX3 6FW,UK,Eastern Connection
10365,2014-11-27,2014-12-25,2014-12-02,Mataderos  2312,México D.F.,05023,Mexico,Antonio Moreno Taquera
10366,2014-11-28,2015-01-09,2014-12-30,Rambla de Cataluña  23,Barcelona,8022,Spain,Galera del gastrnomo
10367,2014-11-28,2014-12-26,2014-12-02,Smagsloget 45,Århus,8200,Denmark,Vaffeljernet
10368,2014-11-29,2014-12-27,2014-12-02,Kirchgasse 6,Graz,8010,Austria,Ernst Handel
10369,2014-12-02,2014-12-30,2014-12-09,P.O. Box 555,Lander,82520,USA,Split Rail Beer & Ale
10370,2014-12-03,2014-12-31,2014-12-27,Hauptstr. 31,Bern,3012,Switzerland,Chop-suey Chinese
10371,2014-12-03,2014-12-31,2014-12-24,1 rue Alsace-Lorraine,Toulouse,31000,France,La maison d'Asie
10372,2014-12-04,2015-01-01,2014-12-09,Alameda dos Canàrios  891,Sao Paulo,05487-020,Brazil,Queen Cozinha
10373,2014-12-05,2015-01-02,2014-12-11,8 Johnstown Road,Cork,,Ireland,Hungry Owl All-Night Grocers
10374,2014-12-05,2015-01-02,2014-12-09,ul. Filtrowa 68,Warszawa,01-012,Poland,Wolski  Zajazd
10375,2014-12-06,2015-01-03,2014-12-09,City Center Plaza 516 Main St.,Elgin,97827,USA,Hungry Coyote Import Store
10376,2014-12-09,2015-01-06,2014-12-13,43 rue St. Laurent,Montréal,H1J 1C3,Canada,Mre Paillarde
10377,2014-12-09,2015-01-06,2014-12-13,90 Wadhurst Rd.,London,OX15 4NB,UK,Seven Seas Imports
10378,2014-12-10,2015-01-07,2014-12-19,Åkergatan 24,Bräcke,S-844 67,Sweden,Folk och f HB
10379,2014-12-11,2015-01-08,2014-12-13,Rua da Panificadora  12,Rio de Janeiro,02389-673,Brazil,Que Delcia
10380,2014-12-12,2015-01-09,2015-01-16,8 Johnstown Road,Cork,,Ireland,Hungry Owl All-Night Grocers
10381,2014-12-12,2015-01-09,2014-12-13,Carrera 52 con Ave. Bolívar #65-98 Llano Lar,Barquisimeto,3508,Venezuela,LILA-Supermercado
10382,2014-12-13,2015-01-10,2014-12-16,Kirchgasse 6,Graz,8010,Austria,Ernst Handel
10383,2014-12-16,2015-01-13,2014-12-18,Brook Farm Stratford St. Mary,Colchester,CO7 6JX,UK,Around the Horn
10384,2014-12-16,2015-01-13,2014-12-20,Berguvsvägen  8,Luleå,S-958 22,Sweden,Berglunds snabbkp
10385,2014-12-17,2015-01-14,2014-12-23,P.O. Box 555,Lander,82520,USA,Split Rail Beer & Ale
10386,2014-12-18,2015-01-01,2014-12-25,Rua Orós  92,Sao Paulo,05442-030,Brazil,Familia Arquibaldo
10387,2014-12-18,2015-01-15,2014-12-20,Erling Skakkes gate 78,Stavern,4110,Norway,Sant urmet
10388,2014-12-19,2015-01-16,2014-12-20,90 Wadhurst Rd.,London,OX15 4NB,UK,Seven Seas Imports
10389,2014-12-20,2015-01-17,2014-12-24,23 Tsawassen Blvd.,Tsawassen,T2F 8M4,Canada,Bottom-Dollar Markets
10390,2014-12-23,2015-01-20,2014-12-26,Kirchgasse 6,Graz,8010,Austria,Ernst Handel
10391,2014-12-23,2015-01-20,2014-12-31,Walserweg 21,Aachen,52066,Germany,Drachenblut Delikatessen
10392,2014-12-24,2015-01-21,2015-01-01,Geislweg 14,Salzburg,5020,Austria,Piccolo und mehr
10393,2014-12-25,2015-01-22,2015-01-03,187 Suffolk Ln.,Boise,83720,USA,Save-a-lot Markets
10394,2014-12-25,2015-01-22,2015-01-03,City Center Plaza 516 Main St.,Elgin,97827,USA,Hungry Coyote Import Store
10395,2014-12-26,2015-01-23,2015-01-03,Carrera 22 con Ave. Carlos Soublette #8-35,San Cristóbal,5022,Venezuela,HILARION-Abastos
10396,2014-12-27,2015-01-10,2015-01-06,Berliner Platz 43,München,80805,Germany,Frankenversand
10397,2014-12-27,2015-01-24,2015-01-02,Estrada da saúde n. 58,Lisboa,1756,Portugal,Princesa Isabel Vinhos
10398,2014-12-30,2015-01-27,2015-01-09,187 Suffolk Ln.,Boise,83720,USA,Save-a-lot Markets
10399,2014-12-31,2015-01-14,2015-01-08,Smagsloget 45,Århus,8200,Denmark,Vaffeljernet
10400,2015-01-01,2015-01-29,2015-01-16,35 King George,London,WX3 6FW,UK,Eastern Connection
10401,2015-01-01,2015-01-29,2015-01-10,2817 Milton Dr.,Albuquerque,87110,USA,Rattlesnake Canyon Grocery
10402,2015-01-02,2015-02-13,2015-01-10,Kirchgasse 6,Graz,8010,Austria,Ernst Handel
10403,2015-01-03,2015-01-31,2015-01-09,Kirchgasse 6,Graz,8010,Austria,Ernst Handel
10404,2015-01-03,2015-01-31,2015-01-08,Via Ludovico il Moro 22,Bergamo,24100,Italy,Magazzini Alimentari Riuniti
10405,2015-01-06,2015-02-03,2015-01-22,Ave. 5 de Mayo Porlamar,I. de Margarita,4980,Venezuela,LINO-Delicateses
10406,2015-01-07,2015-02-18,2015-01-13,Alameda dos Canàrios  891,Sao Paulo,05487-020,Brazil,Queen Cozinha
10407,2015-01-07,2015-02-04,2015-01-30,Mehrheimerstr. 369,Köln,50739,Germany,Ottilies Kseladen
10408,2015-01-08,2015-02-05,2015-01-14,184  chaussée de Tournai,Lille,59000,France,Folies urmandes
10409,2015-01-09,2015-02-06,2015-01-14,Ing. Gustavo Moncada 8585 Piso 20-A,Buenos Aires,1010,Argentina,Ocano Atlntico Ltda.
10410,2015-01-10,2015-02-07,2015-01-15,23 Tsawassen Blvd.,Tsawassen,T2F 8M4,Canada,Bottom-Dollar Markets
10411,2015-01-10,2015-02-07,2015-01-21,23 Tsawassen Blvd.,Tsawassen,T2F 8M4,Canada,Bottom-Dollar Markets
10412,2015-01-13,2015-02-10,2015-01-15,Torikatu 38,Oulu,90110,Finland,Wartian Herkku
10413,2015-01-14,2015-02-11,2015-01-16,1 rue Alsace-Lorraine,Toulouse,31000,France,La maison d'Asie
10414,2015-01-14,2015-02-11,2015-01-17,Rua Orós  92,Sao Paulo,05442-030,Brazil,Familia Arquibaldo
10415,2015-01-15,2015-02-12,2015-01-24,City Center Plaza 516 Main St.,Elgin,97827,USA,Hungry Coyote Import Store
10416,2015-01-16,2015-02-13,2015-01-27,Torikatu 38,Oulu,90110,Finland,Wartian Herkku
10417,2015-01-16,2015-02-13,2015-01-28,Vinbæltet 34,Kobenhavn,1734,Denmark,Simons bistro
10418,2015-01-17,2015-02-14,2015-01-24,Taucherstraße 10,Cunewalde,01307,Germany,QUICK Stop
10419,2015-01-20,2015-02-17,2015-01-30,Starenweg 5,Genève,1204,Switzerland,Richter Supermarkt
10420,2015-01-21,2015-02-18,2015-01-27,Rua do Mercado  12,Resende,08737-363,Brazil,Wellington Importadora
10421,2015-01-21,2015-03-04,2015-01-27,Rua da Panificadora  12,Rio de Janeiro,02389-673,Brazil,Que Delcia
10422,2015-01-22,2015-02-19,2015-01-31,Via Monte Bianco 34,Torino,10100,Italy,Franchi S.p.A.
10423,2015-01-23,2015-02-06,2015-02-24,Av. Brasil  442,Campinas,04876-786,Brazil,urmet Lanchonetes
10424,2015-01-23,2015-02-20,2015-01-27,43 rue St. Laurent,Montréal,H1J 1C3,Canada,Mre Paillarde
10425,2015-01-24,2015-02-21,2015-02-14,1 rue Alsace-Lorraine,Toulouse,31000,France,La maison d'Asie
10426,2015-01-27,2015-02-24,2015-02-06,Rambla de Cataluña  23,Barcelona,8022,Spain,Galera del gastrnomo
10427,2015-01-27,2015-02-24,2015-03-03,Geislweg 14,Salzburg,5020,Austria,Piccolo und mehr
10428,2015-01-28,2015-02-25,2015-02-04,Strada Provinciale 124,Reggio Emilia,42100,Italy,Reggiani Caseifici
10429,2015-01-29,2015-03-12,2015-02-07,8 Johnstown Road,Cork,,Ireland,Hungry Owl All-Night Grocers
10430,2015-01-30,2015-02-13,2015-02-03,Kirchgasse 6,Graz,8010,Austria,Ernst Handel
10431,2015-01-30,2015-02-13,2015-02-07,23 Tsawassen Blvd.,Tsawassen,T2F 8M4,Canada,Bottom-Dollar Markets
10432,2015-01-31,2015-02-14,2015-02-07,P.O. Box 555,Lander,82520,USA,Split Rail Beer & Ale
10433,2015-02-03,2015-03-03,2015-03-04,Estrada da saúde n. 58,Lisboa,1756,Portugal,Princesa Isabel Vinhos
10434,2015-02-03,2015-03-03,2015-02-13,Åkergatan 24,Bräcke,S-844 67,Sweden,Folk och f HB
10435,2015-02-04,2015-03-18,2015-02-07,Berkeley Gardens 12  Brewery,London,WX1 6LT,UK,Consolidated Holdings
10436,2015-02-05,2015-03-05,2015-02-11,24  place Kléber,Strasbourg,67000,France,Blondesddsl pre et fils
10437,2015-02-05,2015-03-05,2015-02-12,Torikatu 38,Oulu,90110,Finland,Wartian Herkku
10438,2015-02-06,2015-03-06,2015-02-14,Luisenstr. 48,Münster,44087,Germany,Toms Spezialitten
10439,2015-02-07,2015-03-07,2015-02-10,43 rue St. Laurent,Montréal,H1J 1C3,Canada,Mre Paillarde
10440,2015-02-10,2015-03-10,2015-02-28,187 Suffolk Ln.,Boise,83720,USA,Save-a-lot Markets
10441,2015-02-10,2015-03-24,2015-03-14,2743 Bering St.,Anchorage,99508,USA,Old World Delicatessen
10442,2015-02-11,2015-03-11,2015-02-18,Kirchgasse 6,Graz,8010,Austria,Ernst Handel
10443,2015-02-12,2015-03-12,2015-02-14,Strada Provinciale 124,Reggio Emilia,42100,Italy,Reggiani Caseifici
10444,2015-02-12,2015-03-12,2015-02-21,Berguvsvägen  8,Luleå,S-958 22,Sweden,Berglunds snabbkp
10445,2015-02-13,2015-03-13,2015-02-20,Berguvsvägen  8,Luleå,S-958 22,Sweden,Berglunds snabbkp
10446,2015-02-14,2015-03-14,2015-02-19,Luisenstr. 48,Münster,44087,Germany,Toms Spezialitten
10447,2015-02-14,2015-03-14,2015-03-07,Av. Copacabana  267,Rio de Janeiro,02389-890,Brazil,Ricardo Adocicados
10448,2015-02-17,2015-03-17,2015-02-24,Av. del Libertador 900,Buenos Aires,1010,Argentina,Rancho grande
10449,2015-02-18,2015-03-18,2015-02-27,24  place Kléber,Strasbourg,67000,France,Blondesddsl pre et fils
10450,2015-02-19,2015-03-19,2015-03-11,2  rue du Commerce,Lyon,69004,France,Victuailles en stock
10451,2015-02-19,2015-03-05,2015-03-12,Taucherstraße 10,Cunewalde,01307,Germany,QUICK Stop
10452,2015-02-20,2015-03-20,2015-02-26,187 Suffolk Ln.,Boise,83720,USA,Save-a-lot Markets
10453,2015-02-21,2015-03-21,2015-02-26,Brook Farm Stratford St. Mary,Colchester,CO7 6JX,UK,Around the Horn
10454,2015-02-21,2015-03-21,2015-02-25,1 rue Alsace-Lorraine,Toulouse,31000,France,La maison d'Asie
10455,2015-02-24,2015-04-07,2015-03-03,Torikatu 38,Oulu,90110,Finland,Wartian Herkku
10456,2015-02-25,2015-04-08,2015-02-28,Maubelstr. 90,Brandenburg,14776,Germany,Kniglich Essen
10457,2015-02-25,2015-03-25,2015-03-03,Maubelstr. 90,Brandenburg,14776,Germany,Kniglich Essen
10458,2015-02-26,2015-03-26,2015-03-04,Boulevard Tirou  255,Charleroi,B-6000,Belgium,Suprmes dlices
10459,2015-02-27,2015-03-27,2015-02-28,2  rue du Commerce,Lyon,69004,France,Victuailles en stock
10460,2015-02-28,2015-03-28,2015-03-03,Åkergatan 24,Bräcke,S-844 67,Sweden,Folk och f HB
10461,2015-02-28,2015-03-28,2015-03-05,Carrera 52 con Ave. Bolívar #65-98 Llano Lar,Barquisimeto,3508,Venezuela,LILA-Supermercado
10462,2015-03-03,2015-03-31,2015-03-18,Berkeley Gardens 12  Brewery,London,WX1 6LT,UK,Consolidated Holdings
10463,2015-03-04,2015-04-01,2015-03-06,Boulevard Tirou  255,Charleroi,B-6000,Belgium,Suprmes dlices
10464,2015-03-04,2015-04-01,2015-03-14,Jardim das rosas n. 32,Lisboa,1675,Portugal,Furia Bacalhau e Frutos do Mar
10465,2015-03-05,2015-04-02,2015-03-14,Smagsloget 45,Århus,8200,Denmark,Vaffeljernet
10466,2015-03-06,2015-04-03,2015-03-13,Av. dos Lusíadas  23,Sao Paulo,05432-043,Brazil,Comrcio Mineiro
10467,2015-03-06,2015-04-03,2015-03-11,Via Ludovico il Moro 22,Bergamo,24100,Italy,Magazzini Alimentari Riuniti
10468,2015-03-07,2015-04-04,2015-03-12,Maubelstr. 90,Brandenburg,14776,Germany,Kniglich Essen
10469,2015-03-10,2015-04-07,2015-03-14,1029 - 12th Ave. S.,Seattle,98124,USA,White Clover Markets
10470,2015-03-11,2015-04-08,2015-03-14,12  rue des Bouchers,Marseille,13008,France,Bon app'
10471,2015-03-11,2015-04-08,2015-03-18,Fauntleroy Circus,London,EC2 5NT,UK,B's Beverages
10472,2015-03-12,2015-04-09,2015-03-19,90 Wadhurst Rd.,London,OX15 4NB,UK,Seven Seas Imports
10473,2015-03-13,2015-03-27,2015-03-21,Garden House Crowther Way,Cowes,PO31 7PJ,UK,Island Trading
10474,2015-03-13,2015-04-10,2015-03-21,Calle Dr. Jorge Cash 321,México D.F.,05033,Mexico,Pericles Comidas clsicas
10475,2015-03-14,2015-04-11,2015-04-04,Boulevard Tirou  255,Charleroi,B-6000,Belgium,Suprmes dlices
10476,2015-03-17,2015-04-14,2015-03-24,Carrera 22 con Ave. Carlos Soublette #8-35,San Cristóbal,5022,Venezuela,HILARION-Abastos
10477,2015-03-17,2015-04-14,2015-03-25,Estrada da saúde n. 58,Lisboa,1756,Portugal,Princesa Isabel Vinhos
10478,2015-03-18,2015-04-01,2015-03-26,2  rue du Commerce,Lyon,69004,France,Victuailles en stock
10479,2015-03-19,2015-04-16,2015-03-21,2817 Milton Dr.,Albuquerque,87110,USA,Rattlesnake Canyon Grocery
10480,2015-03-20,2015-04-17,2015-03-24,184  chaussée de Tournai,Lille,59000,France,Folies urmandes
10481,2015-03-20,2015-04-17,2015-03-25,Av. Copacabana  267,Rio de Janeiro,02389-890,Brazil,Ricardo Adocicados
10482,2015-03-21,2015-04-18,2015-04-10,12 Orchestra Terrace,Walla Walla,99362,USA,Lazy K Kountry Store
10483,2015-03-24,2015-04-21,2015-04-25,1029 - 12th Ave. S.,Seattle,98124,USA,White Clover Markets
10484,2015-03-24,2015-04-21,2015-04-01,Fauntleroy Circus,London,EC2 5NT,UK,B's Beverages
10485,2015-03-25,2015-04-08,2015-03-31,Ave. 5 de Mayo Porlamar,I. de Margarita,4980,Venezuela,LINO-Delicateses
10486,2015-03-26,2015-04-23,2015-04-02,Carrera 22 con Ave. Carlos Soublette #8-35,San Cristóbal,5022,Venezuela,HILARION-Abastos
10487,2015-03-26,2015-04-23,2015-03-28,Alameda dos Canàrios  891,Sao Paulo,05487-020,Brazil,Queen Cozinha
10488,2015-03-27,2015-04-24,2015-04-02,Berliner Platz 43,München,80805,Germany,Frankenversand
10489,2015-03-28,2015-04-25,2015-04-09,Geislweg 14,Salzburg,5020,Austria,Piccolo und mehr
10490,2015-03-31,2015-04-28,2015-04-03,Carrera 22 con Ave. Carlos Soublette #8-35,San Cristóbal,5022,Venezuela,HILARION-Abastos
10491,2015-03-31,2015-04-28,2015-04-08,Jardim das rosas n. 32,Lisboa,1675,Portugal,Furia Bacalhau e Frutos do Mar
10492,2015-04-01,2015-04-29,2015-04-11,23 Tsawassen Blvd.,Tsawassen,T2F 8M4,Canada,Bottom-Dollar Markets
10493,2015-04-02,2015-04-30,2015-04-10,1 rue Alsace-Lorraine,Toulouse,31000,France,La maison d'Asie
10494,2015-04-02,2015-04-30,2015-04-09,Av. dos Lusíadas  23,Sao Paulo,05432-043,Brazil,Comrcio Mineiro
10495,2015-04-03,2015-05-01,2015-04-11,2319 Elm St.,Vancouver,V3F 2K1,Canada,Laughing Bacchus Wine Cellars
10496,2015-04-04,2015-05-02,2015-04-07,Av. Inês de Castro  414,Sao Paulo,05634-030,Brazil,Tradio Hipermercados
10497,2015-04-04,2015-05-02,2015-04-07,Magazinweg 7,Frankfurt a.M.,60528,Germany,Lehmanns Marktstand
10498,2015-04-07,2015-05-05,2015-04-11,Carrera 22 con Ave. Carlos Soublette #8-35,San Cristóbal,5022,Venezuela,HILARION-Abastos
10499,2015-04-08,2015-05-06,2015-04-16,Carrera 52 con Ave. Bolívar #65-98 Llano Lar,Barquisimeto,3508,Venezuela,LILA-Supermercado
10500,2015-04-09,2015-05-07,2015-04-17,1 rue Alsace-Lorraine,Toulouse,31000,France,La maison d'Asie
10501,2015-04-09,2015-05-07,2015-04-16,Forsterstr. 57,Mannheim,68306,Germany,Blauer See Delikatessen
10502,2015-04-10,2015-05-08,2015-04-29,Calle Dr. Jorge Cash 321,México D.F.,05033,Mexico,Pericles Comidas clsicas
10503,2015-04-11,2015-05-09,2015-04-16,8 Johnstown Road,Cork,,Ireland,Hungry Owl All-Night Grocers
10504,2015-04-11,2015-05-09,2015-04-18,1029 - 12th Ave. S.,Seattle,98124,USA,White Clover Markets
10505,2015-04-14,2015-05-12,2015-04-21,43 rue St. Laurent,Montréal,H1J 1C3,Canada,Mre Paillarde
10506,2015-04-15,2015-05-13,2015-05-02,Maubelstr. 90,Brandenburg,14776,Germany,Kniglich Essen
10507,2015-04-15,2015-05-13,2015-04-22,Mataderos  2312,México D.F.,05023,Mexico,Antonio Moreno Taquera
10508,2015-04-16,2015-05-14,2015-05-13,Mehrheimerstr. 369,Köln,50739,Germany,Ottilies Kseladen
10509,2015-04-17,2015-05-15,2015-04-29,Forsterstr. 57,Mannheim,68306,Germany,Blauer See Delikatessen
10510,2015-04-18,2015-05-16,2015-04-28,187 Suffolk Ln.,Boise,83720,USA,Save-a-lot Markets
10511,2015-04-18,2015-05-16,2015-04-21,12  rue des Bouchers,Marseille,13008,France,Bon app'
10512,2015-04-21,2015-05-19,2015-04-24,Rua Orós  92,Sao Paulo,05442-030,Brazil,Familia Arquibaldo
10513,2015-04-22,2015-06-03,2015-04-28,Adenauerallee 900,Stuttgart,70563,Germany,Die Wandernde Kuh
10514,2015-04-22,2015-05-20,2015-05-16,Kirchgasse 6,Graz,8010,Austria,Ernst Handel
10515,2015-04-23,2015-05-07,2015-05-23,Taucherstraße 10,Cunewalde,01307,Germany,QUICK Stop
10516,2015-04-24,2015-05-22,2015-05-01,8 Johnstown Road,Cork,,Ireland,Hungry Owl All-Night Grocers
10517,2015-04-24,2015-05-22,2015-04-29,South House 300 Queensbridge,London,SW7 1RZ,UK,North/South
10518,2015-04-25,2015-05-09,2015-05-05,Avda. Azteca 123,México D.F.,05033,Mexico,Tortuga Restaurante
10519,2015-04-28,2015-05-26,2015-05-01,Hauptstr. 31,Bern,3012,Switzerland,Chop-suey Chinese
10520,2015-04-29,2015-05-27,2015-05-01,Erling Skakkes gate 78,Stavern,4110,Norway,Sant urmet
10521,2015-04-29,2015-05-27,2015-05-02,Cerrito 333,Buenos Aires,1010,Argentina,Cactus Comidas para llevar
10522,2015-04-30,2015-05-28,2015-05-06,Magazinweg 7,Frankfurt a.M.,60528,Germany,Lehmanns Marktstand
10523,2015-05-01,2015-05-29,2015-05-30,90 Wadhurst Rd.,London,OX15 4NB,UK,Seven Seas Imports
10524,2015-05-01,2015-05-29,2015-05-07,Berguvsvägen  8,Luleå,S-958 22,Sweden,Berglunds snabbkp
10525,2015-05-02,2015-05-30,2015-05-23,12  rue des Bouchers,Marseille,13008,France,Bon app'
10526,2015-05-05,2015-06-02,2015-05-15,Torikatu 38,Oulu,90110,Finland,Wartian Herkku
10527,2015-05-05,2015-06-02,2015-05-07,Taucherstraße 10,Cunewalde,01307,Germany,QUICK Stop
10528,2015-05-06,2015-05-20,2015-05-09,2732 Baker Blvd.,Eugene,97403,USA,Great Lakes Food Market
10529,2015-05-07,2015-06-04,2015-05-09,Rue Joseph-Bens 532,Bruxelles,B-1180,Belgium,Maison Dewey
10530,2015-05-08,2015-06-05,2015-05-12,Geislweg 14,Salzburg,5020,Austria,Piccolo und mehr
10531,2015-05-08,2015-06-05,2015-05-19,Ing. Gustavo Moncada 8585 Piso 20-A,Buenos Aires,1010,Argentina,Ocano Atlntico Ltda.
10532,2015-05-09,2015-06-06,2015-05-12,35 King George,London,WX3 6FW,UK,Eastern Connection
10533,2015-05-12,2015-06-09,2015-05-22,Åkergatan 24,Bräcke,S-844 67,Sweden,Folk och f HB
10534,2015-05-12,2015-06-09,2015-05-14,Magazinweg 7,Frankfurt a.M.,60528,Germany,Lehmanns Marktstand
10535,2015-05-13,2015-06-10,2015-05-21,Mataderos  2312,México D.F.,05023,Mexico,Antonio Moreno Taquera
10536,2015-05-14,2015-06-11,2015-06-06,Magazinweg 7,Frankfurt a.M.,60528,Germany,Lehmanns Marktstand
10537,2015-05-14,2015-05-28,2015-05-19,Starenweg 5,Genève,1204,Switzerland,Richter Supermarkt
10538,2015-05-15,2015-06-12,2015-05-16,Fauntleroy Circus,London,EC2 5NT,UK,B's Beverages
10539,2015-05-16,2015-06-13,2015-05-23,Fauntleroy Circus,London,EC2 5NT,UK,B's Beverages
10540,2015-05-19,2015-06-16,2015-06-13,Taucherstraße 10,Cunewalde,01307,Germany,QUICK Stop
10541,2015-05-19,2015-06-16,2015-05-29,Rua do Paço  67,Rio de Janeiro,05454-876,Brazil,Hanari Carnes
10542,2015-05-20,2015-06-17,2015-05-26,Maubelstr. 90,Brandenburg,14776,Germany,Kniglich Essen
10543,2015-05-21,2015-06-18,2015-05-23,Carrera 52 con Ave. Bolívar #65-98 Llano Lar,Barquisimeto,3508,Venezuela,LILA-Supermercado
10544,2015-05-21,2015-06-18,2015-05-30,89 Chiaroscuro Rd.,Portland,97219,USA,Lonesome Pine Restaurant
10545,2015-05-22,2015-06-19,2015-06-26,12 Orchestra Terrace,Walla Walla,99362,USA,Lazy K Kountry Store
10546,2015-05-23,2015-06-20,2015-05-27,2  rue du Commerce,Lyon,69004,France,Victuailles en stock
10547,2015-05-23,2015-06-20,2015-06-02,90 Wadhurst Rd.,London,OX15 4NB,UK,Seven Seas Imports
10548,2015-05-26,2015-06-23,2015-06-02,Luisenstr. 48,Münster,44087,Germany,Toms Spezialitten
10549,2015-05-27,2015-06-10,2015-05-30,Taucherstraße 10,Cunewalde,01307,Germany,QUICK Stop
10550,2015-05-28,2015-06-25,2015-06-06,C/ Romero  33,Sevilla,41101,Spain,dos Cocina Tpica
10551,2015-05-28,2015-07-09,2015-06-06,Jardim das rosas n. 32,Lisboa,1675,Portugal,Furia Bacalhau e Frutos do Mar
10552,2015-05-29,2015-06-26,2015-06-05,Carrera 22 con Ave. Carlos Soublette #8-35,San Cristóbal,5022,Venezuela,HILARION-Abastos
10553,2015-05-30,2015-06-27,2015-06-03,Torikatu 38,Oulu,90110,Finland,Wartian Herkku
10554,2015-05-30,2015-06-27,2015-06-05,Mehrheimerstr. 369,Köln,50739,Germany,Ottilies Kseladen
10555,2015-06-02,2015-06-30,2015-06-04,187 Suffolk Ln.,Boise,83720,USA,Save-a-lot Markets
10556,2015-06-03,2015-07-15,2015-06-13,Vinbæltet 34,Kobenhavn,1734,Denmark,Simons bistro
10557,2015-06-03,2015-06-17,2015-06-06,Magazinweg 7,Frankfurt a.M.,60528,Germany,Lehmanns Marktstand
10558,2015-06-04,2015-07-02,2015-06-10,Brook Farm Stratford St. Mary,Colchester,CO7 6JX,UK,Around the Horn
10559,2015-06-05,2015-07-03,2015-06-13,24  place Kléber,Strasbourg,67000,France,Blondesddsl pre et fils
10560,2015-06-06,2015-07-04,2015-06-09,Berliner Platz 43,München,80805,Germany,Frankenversand
10561,2015-06-06,2015-07-04,2015-06-09,Åkergatan 24,Bräcke,S-844 67,Sweden,Folk och f HB
10562,2015-06-09,2015-07-07,2015-06-12,Strada Provinciale 124,Reggio Emilia,42100,Italy,Reggiani Caseifici
10563,2015-06-10,2015-07-22,2015-06-24,Av. Copacabana  267,Rio de Janeiro,02389-890,Brazil,Ricardo Adocicados
10564,2015-06-10,2015-07-08,2015-06-16,2817 Milton Dr.,Albuquerque,87110,USA,Rattlesnake Canyon Grocery
10565,2015-06-11,2015-07-09,2015-06-18,43 rue St. Laurent,Montréal,H1J 1C3,Canada,Mre Paillarde
10566,2015-06-12,2015-07-10,2015-06-18,24  place Kléber,Strasbourg,67000,France,Blondesddsl pre et fils
10567,2015-06-12,2015-07-10,2015-06-17,8 Johnstown Road,Cork,,Ireland,Hungry Owl All-Night Grocers
10568,2015-06-13,2015-07-11,2015-07-09,Rambla de Cataluña  23,Barcelona,8022,Spain,Galera del gastrnomo
10569,2015-06-16,2015-07-14,2015-07-11,2817 Milton Dr.,Albuquerque,87110,USA,Rattlesnake Canyon Grocery
10570,2015-06-17,2015-07-15,2015-06-19,43 rue St. Laurent,Montréal,H1J 1C3,Canada,Mre Paillarde
10571,2015-06-17,2015-07-29,2015-07-04,Kirchgasse 6,Graz,8010,Austria,Ernst Handel
10572,2015-06-18,2015-07-16,2015-06-25,Berguvsvägen  8,Luleå,S-958 22,Sweden,Berglunds snabbkp
10573,2015-06-19,2015-07-17,2015-06-20,Mataderos  2312,México D.F.,05023,Mexico,Antonio Moreno Taquera
10574,2015-06-19,2015-07-17,2015-06-30,722 DaVinci Blvd.,Kirkland,98034,USA,Trail's Head urmet Provisioners
10575,2015-06-20,2015-07-04,2015-06-30,Heerstr. 22,Leipzig,04179,Germany,Morgenstern Gesundkost
10576,2015-06-23,2015-07-07,2015-06-30,Avda. Azteca 123,México D.F.,05033,Mexico,Tortuga Restaurante
10577,2015-06-23,2015-08-04,2015-06-30,722 DaVinci Blvd.,Kirkland,98034,USA,Trail's Head urmet Provisioners
10578,2015-06-24,2015-07-22,2015-07-25,Fauntleroy Circus,London,EC2 5NT,UK,B's Beverages
10579,2015-06-25,2015-07-23,2015-07-04,87 Polk St. Suite 5,San Francisco,94117,USA,Let's Stop N Shop
10580,2015-06-26,2015-07-24,2015-07-01,Mehrheimerstr. 369,Köln,50739,Germany,Ottilies Kseladen
10581,2015-06-26,2015-07-24,2015-07-02,Rua Orós  92,Sao Paulo,05442-030,Brazil,Familia Arquibaldo
10582,2015-06-27,2015-07-25,2015-07-14,Forsterstr. 57,Mannheim,68306,Germany,Blauer See Delikatessen
10583,2015-06-30,2015-07-28,2015-07-04,Torikatu 38,Oulu,90110,Finland,Wartian Herkku
10584,2015-06-30,2015-07-28,2015-07-04,24  place Kléber,Strasbourg,67000,France,Blondesddsl pre et fils
10585,2015-07-01,2015-07-29,2015-07-10,Rua do Mercado  12,Resende,08737-363,Brazil,Wellington Importadora
10586,2015-07-02,2015-07-30,2015-07-09,Strada Provinciale 124,Reggio Emilia,42100,Italy,Reggiani Caseifici
10587,2015-07-02,2015-07-30,2015-07-09,Rua da Panificadora  12,Rio de Janeiro,02389-673,Brazil,Que Delcia
10588,2015-07-03,2015-07-31,2015-07-10,Taucherstraße 10,Cunewalde,01307,Germany,QUICK Stop
10589,2015-07-04,2015-08-01,2015-07-14,2732 Baker Blvd.,Eugene,97403,USA,Great Lakes Food Market
10590,2015-07-07,2015-08-04,2015-07-14,43 rue St. Laurent,Montréal,H1J 1C3,Canada,Mre Paillarde
10591,2015-07-07,2015-07-21,2015-07-16,Smagsloget 45,Århus,8200,Denmark,Vaffeljernet
10592,2015-07-08,2015-08-05,2015-07-16,Magazinweg 7,Frankfurt a.M.,60528,Germany,Lehmanns Marktstand
10593,2015-07-09,2015-08-06,2015-08-13,Magazinweg 7,Frankfurt a.M.,60528,Germany,Lehmanns Marktstand
10594,2015-07-09,2015-08-06,2015-07-16,2743 Bering St.,Anchorage,99508,USA,Old World Delicatessen
10595,2015-07-10,2015-08-07,2015-07-14,Kirchgasse 6,Graz,8010,Austria,Ernst Handel
10596,2015-07-11,2015-08-08,2015-08-12,1029 - 12th Ave. S.,Seattle,98124,USA,White Clover Markets
10597,2015-07-11,2015-08-08,2015-07-18,Geislweg 14,Salzburg,5020,Austria,Piccolo und mehr
10598,2015-07-14,2015-08-11,2015-07-18,2817 Milton Dr.,Albuquerque,87110,USA,Rattlesnake Canyon Grocery
10599,2015-07-15,2015-08-26,2015-07-21,Fauntleroy Circus,London,EC2 5NT,UK,B's Beverages
10600,2015-07-16,2015-08-13,2015-07-21,City Center Plaza 516 Main St.,Elgin,97827,USA,Hungry Coyote Import Store
10601,2015-07-16,2015-08-27,2015-07-22,Carrera 22 con Ave. Carlos Soublette #8-35,San Cristóbal,5022,Venezuela,HILARION-Abastos
10602,2015-07-17,2015-08-14,2015-07-22,Smagsloget 45,Århus,8200,Denmark,Vaffeljernet
10603,2015-07-18,2015-08-15,2015-08-08,187 Suffolk Ln.,Boise,83720,USA,Save-a-lot Markets
10604,2015-07-18,2015-08-15,2015-07-29,Jardim das rosas n. 32,Lisboa,1675,Portugal,Furia Bacalhau e Frutos do Mar
10605,2015-07-21,2015-08-18,2015-07-29,43 rue St. Laurent,Montréal,H1J 1C3,Canada,Mre Paillarde
10606,2015-07-22,2015-08-19,2015-07-31,Av. Inês de Castro  414,Sao Paulo,05634-030,Brazil,Tradio Hipermercados
10607,2015-07-22,2015-08-19,2015-07-25,187 Suffolk Ln.,Boise,83720,USA,Save-a-lot Markets
10608,2015-07-23,2015-08-20,2015-08-01,Luisenstr. 48,Münster,44087,Germany,Toms Spezialitten
10609,2015-07-24,2015-08-21,2015-07-30,67  rue des Cinquante Otages,Nantes,44000,France,Du monde entier
10610,2015-07-25,2015-08-22,2015-08-06,1 rue Alsace-Lorraine,Toulouse,31000,France,La maison d'Asie
10611,2015-07-25,2015-08-22,2015-08-01,ul. Filtrowa 68,Warszawa,01-012,Poland,Wolski  Zajazd
10612,2015-07-28,2015-08-25,2015-08-01,187 Suffolk Ln.,Boise,83720,USA,Save-a-lot Markets
10613,2015-07-29,2015-08-26,2015-08-01,Carrera 22 con Ave. Carlos Soublette #8-35,San Cristóbal,5022,Venezuela,HILARION-Abastos
10614,2015-07-29,2015-08-26,2015-08-01,Forsterstr. 57,Mannheim,68306,Germany,Blauer See Delikatessen
10615,2015-07-30,2015-08-27,2015-08-06,Keskuskatu 45,Helsinki,21240,Finland,Wilman Kala
10616,2015-07-31,2015-08-28,2015-08-05,2732 Baker Blvd.,Eugene,97403,USA,Great Lakes Food Market
10617,2015-07-31,2015-08-28,2015-08-04,2732 Baker Blvd.,Eugene,97403,USA,Great Lakes Food Market
10618,2015-08-01,2015-09-12,2015-08-08,43 rue St. Laurent,Montréal,H1J 1C3,Canada,Mre Paillarde
10619,2015-08-04,2015-09-01,2015-08-07,43 rue St. Laurent,Montréal,H1J 1C3,Canada,Mre Paillarde
10620,2015-08-05,2015-09-02,2015-08-14,2319 Elm St.,Vancouver,V3F 2K1,Canada,Laughing Bacchus Wine Cellars
10621,2015-08-05,2015-09-02,2015-08-11,Garden House Crowther Way,Cowes,PO31 7PJ,UK,Island Trading
10622,2015-08-06,2015-09-03,2015-08-11,Av. Copacabana  267,Rio de Janeiro,02389-890,Brazil,Ricardo Adocicados
10623,2015-08-07,2015-09-04,2015-08-12,Berliner Platz 43,München,80805,Germany,Frankenversand
10624,2015-08-07,2015-09-04,2015-08-19,55 Grizzly Peak Rd.,Butte,59801,USA,The Cracker Box
10625,2015-08-08,2015-09-05,2015-08-14,Avda. de la Constitución 2222,México D.F.,05021,Mexico,Ana Trujillo Emparedados y helados
10626,2015-08-11,2015-09-08,2015-08-20,Berguvsvägen  8,Luleå,S-958 22,Sweden,Berglunds snabbkp
10627,2015-08-11,2015-09-22,2015-08-21,187 Suffolk Ln.,Boise,83720,USA,Save-a-lot Markets
10628,2015-08-12,2015-09-09,2015-08-20,24  place Kléber,Strasbourg,67000,France,Blondesddsl pre et fils
10629,2015-08-12,2015-09-09,2015-08-20,C/ Romero  33,Sevilla,41101,Spain,dos Cocina Tpica
10630,2015-08-13,2015-09-10,2015-08-19,Maubelstr. 90,Brandenburg,14776,Germany,Kniglich Essen
10631,2015-08-14,2015-09-11,2015-08-15,1 rue Alsace-Lorraine,Toulouse,31000,France,La maison d'Asie
10632,2015-08-14,2015-09-11,2015-08-19,Adenauerallee 900,Stuttgart,70563,Germany,Die Wandernde Kuh
10633,2015-08-15,2015-09-12,2015-08-18,Kirchgasse 6,Graz,8010,Austria,Ernst Handel
10634,2015-08-15,2015-09-12,2015-08-21,184  chaussée de Tournai,Lille,59000,France,Folies urmandes
10635,2015-08-18,2015-09-15,2015-08-21,Via Ludovico il Moro 22,Bergamo,24100,Italy,Magazzini Alimentari Riuniti
10636,2015-08-19,2015-09-16,2015-08-26,Torikatu 38,Oulu,90110,Finland,Wartian Herkku
10637,2015-08-19,2015-09-16,2015-08-26,Alameda dos Canàrios  891,Sao Paulo,05487-020,Brazil,Queen Cozinha
10638,2015-08-20,2015-09-17,2015-09-01,Ave. 5 de Mayo Porlamar,I. de Margarita,4980,Venezuela,LINO-Delicateses
10639,2015-08-20,2015-09-17,2015-08-27,Erling Skakkes gate 78,Stavern,4110,Norway,Sant urmet
10640,2015-08-21,2015-09-18,2015-08-28,Adenauerallee 900,Stuttgart,70563,Germany,Die Wandernde Kuh
10641,2015-08-22,2015-09-19,2015-08-26,Carrera 22 con Ave. Carlos Soublette #8-35,San Cristóbal,5022,Venezuela,HILARION-Abastos
10642,2015-08-22,2015-09-19,2015-09-05,Vinbæltet 34,Kobenhavn,1734,Denmark,Simons bistro
10643,2015-08-25,2015-09-22,2015-09-02,Obere Str. 57,Berlin,12209,Germany,Alfreds Futterkiste
10644,2015-08-25,2015-09-22,2015-09-01,Rua do Mercado  12,Resende,08737-363,Brazil,Wellington Importadora
10645,2015-08-26,2015-09-23,2015-09-02,Rua do Paço  67,Rio de Janeiro,05454-876,Brazil,Hanari Carnes
10646,2015-08-27,2015-10-08,2015-09-03,8 Johnstown Road,Cork,,Ireland,Hungry Owl All-Night Grocers
10647,2015-08-27,2015-09-10,2015-09-03,Rua da Panificadora  12,Rio de Janeiro,02389-673,Brazil,Que Delcia
10648,2015-08-28,2015-10-09,2015-09-09,Av. Copacabana  267,Rio de Janeiro,02389-890,Brazil,Ricardo Adocicados
10649,2015-08-28,2015-09-25,2015-08-29,Rue Joseph-Bens 532,Bruxelles,B-1180,Belgium,Maison Dewey
10650,2015-08-29,2015-09-26,2015-09-03,Rua Orós  92,Sao Paulo,05442-030,Brazil,Familia Arquibaldo
10651,2015-09-01,2015-09-29,2015-09-11,Adenauerallee 900,Stuttgart,70563,Germany,Die Wandernde Kuh
10652,2015-09-01,2015-09-29,2015-09-08,Av. Brasil  442,Campinas,04876-786,Brazil,urmet Lanchonetes
10653,2015-09-02,2015-09-30,2015-09-19,Berliner Platz 43,München,80805,Germany,Frankenversand
10654,2015-09-02,2015-09-30,2015-09-11,Berguvsvägen  8,Luleå,S-958 22,Sweden,Berglunds snabbkp
10655,2015-09-03,2015-10-01,2015-09-11,Strada Provinciale 124,Reggio Emilia,42100,Italy,Reggiani Caseifici
10656,2015-09-04,2015-10-02,2015-09-10,2732 Baker Blvd.,Eugene,97403,USA,Great Lakes Food Market
10657,2015-09-04,2015-10-02,2015-09-15,187 Suffolk Ln.,Boise,83720,USA,Save-a-lot Markets
10658,2015-09-05,2015-10-03,2015-09-08,Taucherstraße 10,Cunewalde,01307,Germany,QUICK Stop
10659,2015-09-05,2015-10-03,2015-09-10,Alameda dos Canàrios  891,Sao Paulo,05487-020,Brazil,Queen Cozinha
10660,2015-09-08,2015-10-06,2015-10-15,City Center Plaza 516 Main St.,Elgin,97827,USA,Hungry Coyote Import Store
10661,2015-09-09,2015-10-07,2015-09-15,8 Johnstown Road,Cork,,Ireland,Hungry Owl All-Night Grocers
10662,2015-09-09,2015-10-07,2015-09-18,89 Chiaroscuro Rd.,Portland,97219,USA,Lonesome Pine Restaurant
10663,2015-09-10,2015-09-24,2015-10-03,12  rue des Bouchers,Marseille,13008,France,Bon app'
10664,2015-09-10,2015-10-08,2015-09-19,Jardim das rosas n. 32,Lisboa,1675,Portugal,Furia Bacalhau e Frutos do Mar
10665,2015-09-11,2015-10-09,2015-09-17,89 Chiaroscuro Rd.,Portland,97219,USA,Lonesome Pine Restaurant
10666,2015-09-12,2015-10-10,2015-09-22,Starenweg 5,Genève,1204,Switzerland,Richter Supermarkt
10667,2015-09-12,2015-10-10,2015-09-19,Kirchgasse 6,Graz,8010,Austria,Ernst Handel
10668,2015-09-15,2015-10-13,2015-09-23,Adenauerallee 900,Stuttgart,70563,Germany,Die Wandernde Kuh
10669,2015-09-15,2015-10-13,2015-09-22,Vinbæltet 34,Kobenhavn,1734,Denmark,Simons bistro
10670,2015-09-16,2015-10-14,2015-09-18,Berliner Platz 43,München,80805,Germany,Frankenversand
10671,2015-09-17,2015-10-15,2015-09-24,54  rue Royale,Nantes,44000,France,France restauration
10672,2015-09-17,2015-10-01,2015-09-26,Berguvsvägen  8,Luleå,S-958 22,Sweden,Berglunds snabbkp
10673,2015-09-18,2015-10-16,2015-09-19,Keskuskatu 45,Helsinki,21240,Finland,Wilman Kala
10674,2015-09-18,2015-10-16,2015-09-30,Garden House Crowther Way,Cowes,PO31 7PJ,UK,Island Trading
10675,2015-09-19,2015-10-17,2015-09-23,Berliner Platz 43,München,80805,Germany,Frankenversand
10676,2015-09-22,2015-10-20,2015-09-29,Avda. Azteca 123,México D.F.,05033,Mexico,Tortuga Restaurante
10677,2015-09-22,2015-10-20,2015-09-26,Mataderos  2312,México D.F.,05023,Mexico,Antonio Moreno Taquera
10678,2015-09-23,2015-10-21,2015-10-16,187 Suffolk Ln.,Boise,83720,USA,Save-a-lot Markets
10679,2015-09-23,2015-10-21,2015-09-30,24  place Kléber,Strasbourg,67000,France,Blondesddsl pre et fils
10680,2015-09-24,2015-10-22,2015-09-26,2743 Bering St.,Anchorage,99508,USA,Old World Delicatessen
10681,2015-09-25,2015-10-23,2015-09-30,2732 Baker Blvd.,Eugene,97403,USA,Great Lakes Food Market
10682,2015-09-25,2015-10-23,2015-10-01,Mataderos  2312,México D.F.,05023,Mexico,Antonio Moreno Taquera
10683,2015-09-26,2015-10-24,2015-10-01,67  rue des Cinquante Otages,Nantes,44000,France,Du monde entier
10684,2015-09-26,2015-10-24,2015-09-30,Mehrheimerstr. 369,Köln,50739,Germany,Ottilies Kseladen
10685,2015-09-29,2015-10-13,2015-10-03,Av. Brasil  442,Campinas,04876-786,Brazil,urmet Lanchonetes
10686,2015-09-30,2015-10-28,2015-10-08,Geislweg 14,Salzburg,5020,Austria,Piccolo und mehr
10687,2015-09-30,2015-10-28,2015-10-30,8 Johnstown Road,Cork,,Ireland,Hungry Owl All-Night Grocers
10688,2015-10-01,2015-10-15,2015-10-07,Smagsloget 45,Århus,8200,Denmark,Vaffeljernet
10689,2015-10-01,2015-10-29,2015-10-07,Berguvsvägen  8,Luleå,S-958 22,Sweden,Berglunds snabbkp
10690,2015-10-02,2015-10-30,2015-10-03,Rua do Paço  67,Rio de Janeiro,05454-876,Brazil,Hanari Carnes
10691,2015-10-03,2015-11-14,2015-10-22,Taucherstraße 10,Cunewalde,01307,Germany,QUICK Stop
10692,2015-10-03,2015-10-31,2015-10-13,Obere Str. 57,Berlin,12209,Germany,Alfreds Futterkiste
10693,2015-10-06,2015-10-20,2015-10-10,1029 - 12th Ave. S.,Seattle,98124,USA,White Clover Markets
10694,2015-10-06,2015-11-03,2015-10-09,Taucherstraße 10,Cunewalde,01307,Germany,QUICK Stop
10695,2015-10-07,2015-11-18,2015-10-14,Keskuskatu 45,Helsinki,21240,Finland,Wilman Kala
10696,2015-10-08,2015-11-19,2015-10-14,1029 - 12th Ave. S.,Seattle,98124,USA,White Clover Markets
10697,2015-10-08,2015-11-05,2015-10-14,Ave. 5 de Mayo Porlamar,I. de Margarita,4980,Venezuela,LINO-Delicateses
10698,2015-10-09,2015-11-06,2015-10-17,Kirchgasse 6,Graz,8010,Austria,Ernst Handel
10699,2015-10-09,2015-11-06,2015-10-13,Heerstr. 22,Leipzig,04179,Germany,Morgenstern Gesundkost
10700,2015-10-10,2015-11-07,2015-10-16,187 Suffolk Ln.,Boise,83720,USA,Save-a-lot Markets
10701,2015-10-13,2015-10-27,2015-10-15,8 Johnstown Road,Cork,,Ireland,Hungry Owl All-Night Grocers
10702,2015-10-13,2015-11-24,2015-10-21,Obere Str. 57,Berlin,12209,Germany,Alfreds Futterkiste
10703,2015-10-14,2015-11-11,2015-10-20,Åkergatan 24,Bräcke,S-844 67,Sweden,Folk och f HB
10704,2015-10-14,2015-11-11,2015-11-07,Alameda dos Canàrios  891,Sao Paulo,05487-020,Brazil,Queen Cozinha
10705,2015-10-15,2015-11-12,2015-11-18,Carrera 22 con Ave. Carlos Soublette #8-35,San Cristóbal,5022,Venezuela,HILARION-Abastos
10706,2015-10-16,2015-11-13,2015-10-21,2743 Bering St.,Anchorage,99508,USA,Old World Delicatessen
10707,2015-10-16,2015-10-30,2015-10-23,Brook Farm Stratford St. Mary,Colchester,CO7 6JX,UK,Around the Horn
10708,2015-10-17,2015-11-28,2015-11-05,89 Jefferson Way Suite 2,Portland,97201,USA,The Big Cheese
10709,2015-10-17,2015-11-14,2015-11-20,Av. Brasil  442,Campinas,04876-786,Brazil,urmet Lanchonetes
10710,2015-10-20,2015-11-17,2015-10-23,Via Monte Bianco 34,Torino,10100,Italy,Franchi S.p.A.
10711,2015-10-21,2015-12-02,2015-10-29,187 Suffolk Ln.,Boise,83720,USA,Save-a-lot Markets
10712,2015-10-21,2015-11-18,2015-10-31,8 Johnstown Road,Cork,,Ireland,Hungry Owl All-Night Grocers
10713,2015-10-22,2015-11-19,2015-10-24,187 Suffolk Ln.,Boise,83720,USA,Save-a-lot Markets
10714,2015-10-22,2015-11-19,2015-10-27,187 Suffolk Ln.,Boise,83720,USA,Save-a-lot Markets
10715,2015-10-23,2015-11-06,2015-10-29,12  rue des Bouchers,Marseille,13008,France,Bon app'
10716,2015-10-24,2015-11-21,2015-10-27,Av. del Libertador 900,Buenos Aires,1010,Argentina,Rancho grande
10717,2015-10-24,2015-11-21,2015-10-29,Berliner Platz 43,München,80805,Germany,Frankenversand
10718,2015-10-27,2015-11-24,2015-10-29,Maubelstr. 90,Brandenburg,14776,Germany,Kniglich Essen
10719,2015-10-27,2015-11-24,2015-11-05,87 Polk St. Suite 5,San Francisco,94117,USA,Let's Stop N Shop
10720,2015-10-28,2015-11-11,2015-11-05,Rua da Panificadora  12,Rio de Janeiro,02389-673,Brazil,Que Delcia
10721,2015-10-29,2015-11-26,2015-10-31,Taucherstraße 10,Cunewalde,01307,Germany,QUICK Stop
10722,2015-10-29,2015-12-10,2015-11-04,187 Suffolk Ln.,Boise,83720,USA,Save-a-lot Markets
10723,2015-10-30,2015-11-27,2015-11-25,1029 - 12th Ave. S.,Seattle,98124,USA,White Clover Markets
10724,2015-10-30,2015-12-11,2015-11-05,43 rue St. Laurent,Montréal,H1J 1C3,Canada,Mre Paillarde
10725,2015-10-31,2015-11-28,2015-11-05,Rua Orós  92,Sao Paulo,05442-030,Brazil,Familia Arquibaldo
10726,2015-11-03,2015-11-17,2015-12-05,35 King George,London,WX3 6FW,UK,Eastern Connection
10727,2015-11-03,2015-12-01,2015-12-05,Strada Provinciale 124,Reggio Emilia,42100,Italy,Reggiani Caseifici
10728,2015-11-04,2015-12-02,2015-11-11,Alameda dos Canàrios  891,Sao Paulo,05487-020,Brazil,Queen Cozinha
10729,2015-11-04,2015-12-16,2015-11-14,Ave. 5 de Mayo Porlamar,I. de Margarita,4980,Venezuela,LINO-Delicateses
10730,2015-11-05,2015-12-03,2015-11-14,12  rue des Bouchers,Marseille,13008,France,Bon app'
10731,2015-11-06,2015-12-04,2015-11-14,Hauptstr. 31,Bern,3012,Switzerland,Chop-suey Chinese
10732,2015-11-06,2015-12-04,2015-11-07,12  rue des Bouchers,Marseille,13008,France,Bon app'
10733,2015-11-07,2015-12-05,2015-11-10,Berguvsvägen  8,Luleå,S-958 22,Sweden,Berglunds snabbkp
10734,2015-11-07,2015-12-05,2015-11-12,Av. Brasil  442,Campinas,04876-786,Brazil,urmet Lanchonetes
10735,2015-11-10,2015-12-08,2015-11-21,87 Polk St. Suite 5,San Francisco,94117,USA,Let's Stop N Shop
10736,2015-11-11,2015-12-09,2015-11-21,8 Johnstown Road,Cork,,Ireland,Hungry Owl All-Night Grocers
10737,2015-11-11,2015-12-09,2015-11-18,59 rue de l'Abbaye,Reims,51100,France,Vins et alcools Chevalier
10738,2015-11-12,2015-12-10,2015-11-18,25  rue Lauriston,Paris,75016,France,Spcialits du monde
10739,2015-11-12,2015-12-10,2015-11-17,59 rue de l'Abbaye,Reims,51100,France,Vins et alcools Chevalier
10740,2015-11-13,2015-12-11,2015-11-25,1029 - 12th Ave. S.,Seattle,98124,USA,White Clover Markets
10741,2015-11-14,2015-11-28,2015-11-18,Brook Farm Stratford St. Mary,Colchester,CO7 6JX,UK,Around the Horn
10742,2015-11-14,2015-12-12,2015-11-18,23 Tsawassen Blvd.,Tsawassen,T2F 8M4,Canada,Bottom-Dollar Markets
10743,2015-11-17,2015-12-15,2015-11-21,Brook Farm Stratford St. Mary,Colchester,CO7 6JX,UK,Around the Horn
10744,2015-11-17,2015-12-15,2015-11-24,Smagsloget 45,Århus,8200,Denmark,Vaffeljernet
10745,2015-11-18,2015-12-16,2015-11-27,Taucherstraße 10,Cunewalde,01307,Germany,QUICK Stop
10746,2015-11-19,2015-12-17,2015-11-21,Hauptstr. 31,Bern,3012,Switzerland,Chop-suey Chinese
10747,2015-11-19,2015-12-17,2015-11-26,Geislweg 14,Salzburg,5020,Austria,Piccolo und mehr
10748,2015-11-20,2015-12-18,2015-11-28,187 Suffolk Ln.,Boise,83720,USA,Save-a-lot Markets
10749,2015-11-20,2015-12-18,2015-12-19,Garden House Crowther Way,Cowes,PO31 7PJ,UK,Island Trading
10750,2015-11-21,2015-12-19,2015-11-24,Torikatu 38,Oulu,90110,Finland,Wartian Herkku
10751,2015-11-24,2015-12-22,2015-12-03,Starenweg 5,Genève,1204,Switzerland,Richter Supermarkt
10752,2015-11-24,2015-12-22,2015-11-28,South House 300 Queensbridge,London,SW7 1RZ,UK,North/South
10753,2015-11-25,2015-12-23,2015-11-27,Via Monte Bianco 34,Torino,10100,Italy,Franchi S.p.A.
10754,2015-11-25,2015-12-23,2015-11-27,Via Ludovico il Moro 22,Bergamo,24100,Italy,Magazzini Alimentari Riuniti
10755,2015-11-26,2015-12-24,2015-11-28,12  rue des Bouchers,Marseille,13008,France,Bon app'
10756,2015-11-27,2015-12-25,2015-12-02,P.O. Box 555,Lander,82520,USA,Split Rail Beer & Ale
10757,2015-11-27,2015-12-25,2015-12-15,187 Suffolk Ln.,Boise,83720,USA,Save-a-lot Markets
10758,2015-11-28,2015-12-26,2015-12-04,Starenweg 5,Genève,1204,Switzerland,Richter Supermarkt
10759,2015-11-28,2015-12-26,2015-12-12,Avda. de la Constitución 2222,México D.F.,05021,Mexico,Ana Trujillo Emparedados y helados
10760,2015-12-01,2015-12-29,2015-12-10,Rue Joseph-Bens 532,Bruxelles,B-1180,Belgium,Maison Dewey
10761,2015-12-02,2015-12-30,2015-12-08,2817 Milton Dr.,Albuquerque,87110,USA,Rattlesnake Canyon Grocery
10762,2015-12-02,2015-12-30,2015-12-09,Åkergatan 24,Bräcke,S-844 67,Sweden,Folk och f HB
10763,2015-12-03,2015-12-31,2015-12-08,184  chaussée de Tournai,Lille,59000,France,Folies urmandes
10764,2015-12-03,2015-12-31,2015-12-08,Kirchgasse 6,Graz,8010,Austria,Ernst Handel
10765,2015-12-04,2016-01-01,2015-12-09,Taucherstraße 10,Cunewalde,01307,Germany,QUICK Stop
10766,2015-12-05,2016-01-02,2015-12-09,Mehrheimerstr. 369,Köln,50739,Germany,Ottilies Kseladen
10767,2015-12-05,2016-01-02,2015-12-15,Boulevard Tirou  255,Charleroi,B-6000,Belgium,Suprmes dlices
10768,2015-12-08,2016-01-05,2015-12-15,Brook Farm Stratford St. Mary,Colchester,CO7 6JX,UK,Around the Horn
10769,2015-12-08,2016-01-05,2015-12-12,Smagsloget 45,Århus,8200,Denmark,Vaffeljernet
10770,2015-12-09,2016-01-06,2015-12-17,Rua do Paço  67,Rio de Janeiro,05454-876,Brazil,Hanari Carnes
10771,2015-12-10,2016-01-07,2016-01-02,Kirchgasse 6,Graz,8010,Austria,Ernst Handel
10772,2015-12-10,2016-01-07,2015-12-19,Magazinweg 7,Frankfurt a.M.,60528,Germany,Lehmanns Marktstand
10773,2015-12-11,2016-01-08,2015-12-16,Kirchgasse 6,Graz,8010,Austria,Ernst Handel
10774,2015-12-11,2015-12-25,2015-12-12,Åkergatan 24,Bräcke,S-844 67,Sweden,Folk och f HB
10775,2015-12-12,2016-01-09,2015-12-26,55 Grizzly Peak Rd.,Butte,59801,USA,The Cracker Box
10776,2015-12-15,2016-01-12,2015-12-18,Kirchgasse 6,Graz,8010,Austria,Ernst Handel
10777,2015-12-15,2015-12-29,2016-01-21,Av. Brasil  442,Campinas,04876-786,Brazil,urmet Lanchonetes
10778,2015-12-16,2016-01-13,2015-12-24,Berguvsvägen  8,Luleå,S-958 22,Sweden,Berglunds snabbkp
10779,2015-12-16,2016-01-13,2016-01-14,Heerstr. 22,Leipzig,04179,Germany,Morgenstern Gesundkost
10780,2015-12-16,2015-12-30,2015-12-25,Carrera 52 con Ave. Bolívar #65-98 Llano Lar,Barquisimeto,3508,Venezuela,LILA-Supermercado
10781,2015-12-17,2016-01-14,2015-12-19,Torikatu 38,Oulu,90110,Finland,Wartian Herkku
10782,2015-12-17,2016-01-14,2015-12-22,Cerrito 333,Buenos Aires,1010,Argentina,Cactus Comidas para llevar
10783,2015-12-18,2016-01-15,2015-12-19,Rua do Paço  67,Rio de Janeiro,05454-876,Brazil,Hanari Carnes
10784,2015-12-18,2016-01-15,2015-12-22,Via Ludovico il Moro 22,Bergamo,24100,Italy,Magazzini Alimentari Riuniti
10785,2015-12-18,2016-01-15,2015-12-24,5ª Ave. Los Palos Grandes,Caracas,1081,Venezuela,GROSELLA-Restaurante
10786,2015-12-19,2016-01-16,2015-12-23,Alameda dos Canàrios  891,Sao Paulo,05487-020,Brazil,Queen Cozinha
10787,2015-12-19,2016-01-02,2015-12-26,1 rue Alsace-Lorraine,Toulouse,31000,France,La maison d'Asie
10788,2015-12-22,2016-01-19,2016-01-19,Taucherstraße 10,Cunewalde,01307,Germany,QUICK Stop
10789,2015-12-22,2016-01-19,2015-12-31,184  chaussée de Tournai,Lille,59000,France,Folies urmandes
10790,2015-12-22,2016-01-19,2015-12-26,Av. Brasil  442,Campinas,04876-786,Brazil,urmet Lanchonetes
10791,2015-12-23,2016-01-20,2016-01-01,Berliner Platz 43,München,80805,Germany,Frankenversand
10792,2015-12-23,2016-01-20,2015-12-31,ul. Filtrowa 68,Warszawa,01-012,Poland,Wolski  Zajazd
10793,2015-12-24,2016-01-21,2016-01-08,Brook Farm Stratford St. Mary,Colchester,CO7 6JX,UK,Around the Horn
10794,2015-12-24,2016-01-21,2016-01-02,Rua da Panificadora  12,Rio de Janeiro,02389-673,Brazil,Que Delcia
10795,2015-12-24,2016-01-21,2016-01-20,Kirchgasse 6,Graz,8010,Austria,Ernst Handel
10796,2015-12-25,2016-01-22,2016-01-14,Carrera 22 con Ave. Carlos Soublette #8-35,San Cristóbal,5022,Venezuela,HILARION-Abastos
10797,2015-12-25,2016-01-22,2016-01-05,Walserweg 21,Aachen,52066,Germany,Drachenblut Delikatessen
10798,2015-12-26,2016-01-23,2016-01-05,Garden House Crowther Way,Cowes,PO31 7PJ,UK,Island Trading
10799,2015-12-26,2016-02-06,2016-01-05,Maubelstr. 90,Brandenburg,14776,Germany,Kniglich Essen
10800,2015-12-26,2016-01-23,2016-01-05,90 Wadhurst Rd.,London,OX15 4NB,UK,Seven Seas Imports
10801,2015-12-29,2016-01-26,2015-12-31,C/ Araquil  67,Madrid,28023,Spain,Balido Comidas preparadas
10802,2015-12-29,2016-01-26,2016-01-02,Vinbæltet 34,Kobenhavn,1734,Denmark,Simons bistro
10803,2015-12-30,2016-01-27,2016-01-06,Rua do Mercado  12,Resende,08737-363,Brazil,Wellington Importadora
10804,2015-12-30,2016-01-27,2016-01-07,90 Wadhurst Rd.,London,OX15 4NB,UK,Seven Seas Imports
10805,2015-12-30,2016-01-27,2016-01-09,89 Jefferson Way Suite 2,Portland,97201,USA,The Big Cheese
10806,2015-12-31,2016-01-28,2016-01-05,2  rue du Commerce,Lyon,69004,France,Victuailles en stock
10807,2015-12-31,2016-01-28,2016-01-30,Via Monte Bianco 34,Torino,10100,Italy,Franchi S.p.A.
10808,2016-01-01,2016-01-29,2016-01-09,2743 Bering St.,Anchorage,99508,USA,Old World Delicatessen
10809,2016-01-01,2016-01-29,2016-01-07,Rua do Mercado  12,Resende,08737-363,Brazil,Wellington Importadora
10810,2016-01-01,2016-01-29,2016-01-07,2319 Elm St.,Vancouver,V3F 2K1,Canada,Laughing Bacchus Wine Cellars
10811,2016-01-02,2016-01-30,2016-01-08,Ave. 5 de Mayo Porlamar,I. de Margarita,4980,Venezuela,LINO-Delicateses
10812,2016-01-02,2016-01-30,2016-01-12,Strada Provinciale 124,Reggio Emilia,42100,Italy,Reggiani Caseifici
10813,2016-01-05,2016-02-02,2016-01-09,Av. Copacabana  267,Rio de Janeiro,02389-890,Brazil,Ricardo Adocicados
10814,2016-01-05,2016-02-02,2016-01-14,2  rue du Commerce,Lyon,69004,France,Victuailles en stock
10815,2016-01-05,2016-02-02,2016-01-14,187 Suffolk Ln.,Boise,83720,USA,Save-a-lot Markets
10816,2016-01-06,2016-02-03,2016-02-04,2732 Baker Blvd.,Eugene,97403,USA,Great Lakes Food Market
10817,2016-01-06,2016-01-20,2016-01-13,Maubelstr. 90,Brandenburg,14776,Germany,Kniglich Essen
10818,2016-01-07,2016-02-04,2016-01-12,Via Ludovico il Moro 22,Bergamo,24100,Italy,Magazzini Alimentari Riuniti
10819,2016-01-07,2016-02-04,2016-01-16,Cerrito 333,Buenos Aires,1010,Argentina,Cactus Comidas para llevar
10820,2016-01-07,2016-02-04,2016-01-13,2817 Milton Dr.,Albuquerque,87110,USA,Rattlesnake Canyon Grocery
10821,2016-01-08,2016-02-05,2016-01-15,P.O. Box 555,Lander,82520,USA,Split Rail Beer & Ale
10822,2016-01-08,2016-02-05,2016-01-16,722 DaVinci Blvd.,Kirkland,98034,USA,Trail's Head urmet Provisioners
10823,2016-01-09,2016-02-06,2016-01-13,Carrera 52 con Ave. Bolívar #65-98 Llano Lar,Barquisimeto,3508,Venezuela,LILA-Supermercado
10824,2016-01-09,2016-02-06,2016-01-30,Åkergatan 24,Bräcke,S-844 67,Sweden,Folk och f HB
10825,2016-01-09,2016-02-06,2016-01-14,Walserweg 21,Aachen,52066,Germany,Drachenblut Delikatessen
10826,2016-01-12,2016-02-09,2016-02-06,24  place Kléber,Strasbourg,67000,France,Blondesddsl pre et fils
10827,2016-01-12,2016-01-26,2016-02-06,12  rue des Bouchers,Marseille,13008,France,Bon app'
10828,2016-01-13,2016-01-27,2016-02-04,Av. del Libertador 900,Buenos Aires,1010,Argentina,Rancho grande
10829,2016-01-13,2016-02-10,2016-01-23,Garden House Crowther Way,Cowes,PO31 7PJ,UK,Island Trading
10830,2016-01-13,2016-02-24,2016-01-21,Av. Inês de Castro  414,Sao Paulo,05634-030,Brazil,Tradio Hipermercados
10831,2016-01-14,2016-02-11,2016-01-23,Erling Skakkes gate 78,Stavern,4110,Norway,Sant urmet
10832,2016-01-14,2016-02-11,2016-01-19,1 rue Alsace-Lorraine,Toulouse,31000,France,La maison d'Asie
10833,2016-01-15,2016-02-12,2016-01-23,Mehrheimerstr. 369,Köln,50739,Germany,Ottilies Kseladen
10834,2016-01-15,2016-02-12,2016-01-19,Av. Inês de Castro  414,Sao Paulo,05634-030,Brazil,Tradio Hipermercados
10835,2016-01-15,2016-02-12,2016-01-21,Obere Str. 57,Berlin,12209,Germany,Alfreds Futterkiste
10836,2016-01-16,2016-02-13,2016-01-21,Kirchgasse 6,Graz,8010,Austria,Ernst Handel
10837,2016-01-16,2016-02-13,2016-01-23,Berguvsvägen  8,Luleå,S-958 22,Sweden,Berglunds snabbkp
10838,2016-01-19,2016-02-16,2016-01-23,Ave. 5 de Mayo Porlamar,I. de Margarita,4980,Venezuela,LINO-Delicateses
10839,2016-01-19,2016-02-16,2016-01-22,Av. Inês de Castro  414,Sao Paulo,05634-030,Brazil,Tradio Hipermercados
10840,2016-01-19,2016-03-02,2016-02-16,Ave. 5 de Mayo Porlamar,I. de Margarita,4980,Venezuela,LINO-Delicateses
10841,2016-01-20,2016-02-17,2016-01-29,Boulevard Tirou  255,Charleroi,B-6000,Belgium,Suprmes dlices
10842,2016-01-20,2016-02-17,2016-01-29,Avda. Azteca 123,México D.F.,05033,Mexico,Tortuga Restaurante
10843,2016-01-21,2016-02-18,2016-01-26,2  rue du Commerce,Lyon,69004,France,Victuailles en stock
10844,2016-01-21,2016-02-18,2016-01-26,Geislweg 14,Salzburg,5020,Austria,Piccolo und mehr
10845,2016-01-21,2016-02-04,2016-01-30,Taucherstraße 10,Cunewalde,01307,Germany,QUICK Stop
10846,2016-01-22,2016-03-05,2016-01-23,Boulevard Tirou  255,Charleroi,B-6000,Belgium,Suprmes dlices
10847,2016-01-22,2016-02-05,2016-02-10,187 Suffolk Ln.,Boise,83720,USA,Save-a-lot Markets
10848,2016-01-23,2016-02-20,2016-01-29,Berkeley Gardens 12  Brewery,London,WX1 6LT,UK,Consolidated Holdings
10849,2016-01-23,2016-02-20,2016-01-30,Maubelstr. 90,Brandenburg,14776,Germany,Kniglich Essen
10850,2016-01-23,2016-03-06,2016-01-30,2  rue du Commerce,Lyon,69004,France,Victuailles en stock
10851,2016-01-26,2016-02-23,2016-02-02,Av. Copacabana  267,Rio de Janeiro,02389-890,Brazil,Ricardo Adocicados
10852,2016-01-26,2016-02-09,2016-01-30,2817 Milton Dr.,Albuquerque,87110,USA,Rattlesnake Canyon Grocery
10853,2016-01-27,2016-02-24,2016-02-03,Forsterstr. 57,Mannheim,68306,Germany,Blauer See Delikatessen
10854,2016-01-27,2016-02-24,2016-02-05,Kirchgasse 6,Graz,8010,Austria,Ernst Handel
10855,2016-01-27,2016-02-24,2016-02-04,2743 Bering St.,Anchorage,99508,USA,Old World Delicatessen
10856,2016-01-28,2016-02-25,2016-02-10,Mataderos  2312,México D.F.,05023,Mexico,Antonio Moreno Taquera
10857,2016-01-28,2016-02-25,2016-02-06,Berguvsvägen  8,Luleå,S-958 22,Sweden,Berglunds snabbkp
10858,2016-01-29,2016-02-26,2016-02-03,67  avenue de l'Europe,Versailles,78000,France,La corne d'abondance
10859,2016-01-29,2016-02-26,2016-02-02,Berliner Platz 43,München,80805,Germany,Frankenversand
10860,2016-01-29,2016-02-26,2016-02-04,54  rue Royale,Nantes,44000,France,France restauration
10861,2016-01-30,2016-02-27,2016-02-17,1029 - 12th Ave. S.,Seattle,98124,USA,White Clover Markets
10862,2016-01-30,2016-03-13,2016-02-02,Magazinweg 7,Frankfurt a.M.,60528,Germany,Lehmanns Marktstand
10863,2016-02-02,2016-03-02,2016-02-17,Carrera 22 con Ave. Carlos Soublette #8-35,San Cristóbal,5022,Venezuela,HILARION-Abastos
10864,2016-02-02,2016-03-02,2016-02-09,Brook Farm Stratford St. Mary,Colchester,CO7 6JX,UK,Around the Horn
10865,2016-02-02,2016-02-16,2016-02-12,Taucherstraße 10,Cunewalde,01307,Germany,QUICK Stop
10866,2016-02-03,2016-03-03,2016-02-12,Berguvsvägen  8,Luleå,S-958 22,Sweden,Berglunds snabbkp
10867,2016-02-03,2016-03-17,2016-02-11,89 Chiaroscuro Rd.,Portland,97219,USA,Lonesome Pine Restaurant
10868,2016-02-04,2016-03-04,2016-02-23,Alameda dos Canàrios  891,Sao Paulo,05487-020,Brazil,Queen Cozinha
10869,2016-02-04,2016-03-04,2016-02-09,90 Wadhurst Rd.,London,OX15 4NB,UK,Seven Seas Imports
10870,2016-02-04,2016-03-04,2016-02-13,ul. Filtrowa 68,Warszawa,01-012,Poland,Wolski  Zajazd
10871,2016-02-05,2016-03-05,2016-02-10,12  rue des Bouchers,Marseille,13008,France,Bon app'
10872,2016-02-05,2016-03-05,2016-02-09,C/ Romero  33,Sevilla,41101,Spain,dos Cocina Tpica
10873,2016-02-06,2016-03-06,2016-02-09,Keskuskatu 45,Helsinki,21240,Finland,Wilman Kala
10874,2016-02-06,2016-03-06,2016-02-11,C/ Romero  33,Sevilla,41101,Spain,dos Cocina Tpica
10875,2016-02-06,2016-03-06,2016-03-03,Berguvsvägen  8,Luleå,S-958 22,Sweden,Berglunds snabbkp
10876,2016-02-09,2016-03-09,2016-02-12,12  rue des Bouchers,Marseille,13008,France,Bon app'
10877,2016-02-09,2016-03-09,2016-02-19,Av. Copacabana  267,Rio de Janeiro,02389-890,Brazil,Ricardo Adocicados
10878,2016-02-10,2016-03-10,2016-02-12,Taucherstraße 10,Cunewalde,01307,Germany,QUICK Stop
10879,2016-02-10,2016-03-10,2016-02-12,Keskuskatu 45,Helsinki,21240,Finland,Wilman Kala
10880,2016-02-10,2016-03-24,2016-02-18,Åkergatan 24,Bräcke,S-844 67,Sweden,Folk och f HB
10881,2016-02-11,2016-03-11,2016-02-18,Cerrito 333,Buenos Aires,1010,Argentina,Cactus Comidas para llevar
10882,2016-02-11,2016-03-11,2016-02-20,187 Suffolk Ln.,Boise,83720,USA,Save-a-lot Markets
10883,2016-02-12,2016-03-12,2016-02-20,89 Chiaroscuro Rd.,Portland,97219,USA,Lonesome Pine Restaurant
10884,2016-02-12,2016-03-12,2016-02-13,87 Polk St. Suite 5,San Francisco,94117,USA,Let's Stop N Shop
10885,2016-02-12,2016-03-12,2016-02-18,Boulevard Tirou  255,Charleroi,B-6000,Belgium,Suprmes dlices
10886,2016-02-13,2016-03-13,2016-03-02,Rua do Paço  67,Rio de Janeiro,05454-876,Brazil,Hanari Carnes
10887,2016-02-13,2016-03-13,2016-02-16,Rambla de Cataluña  23,Barcelona,8022,Spain,Galera del gastrnomo
10888,2016-02-16,2016-03-16,2016-02-23,C/ Romero  33,Sevilla,41101,Spain,dos Cocina Tpica
10889,2016-02-16,2016-03-16,2016-02-23,2817 Milton Dr.,Albuquerque,87110,USA,Rattlesnake Canyon Grocery
10890,2016-02-16,2016-03-16,2016-02-18,67  rue des Cinquante Otages,Nantes,44000,France,Du monde entier
10891,2016-02-17,2016-03-17,2016-02-19,Magazinweg 7,Frankfurt a.M.,60528,Germany,Lehmanns Marktstand
10892,2016-02-17,2016-03-17,2016-02-19,Rue Joseph-Bens 532,Bruxelles,B-1180,Belgium,Maison Dewey
10893,2016-02-18,2016-03-18,2016-02-20,Maubelstr. 90,Brandenburg,14776,Germany,Kniglich Essen
10894,2016-02-18,2016-03-18,2016-02-20,187 Suffolk Ln.,Boise,83720,USA,Save-a-lot Markets
10895,2016-02-18,2016-03-18,2016-02-23,Kirchgasse 6,Graz,8010,Austria,Ernst Handel
10896,2016-02-19,2016-03-19,2016-02-27,Rue Joseph-Bens 532,Bruxelles,B-1180,Belgium,Maison Dewey
10897,2016-02-19,2016-03-19,2016-02-25,8 Johnstown Road,Cork,,Ireland,Hungry Owl All-Night Grocers
10898,2016-02-20,2016-03-20,2016-03-06,Ing. Gustavo Moncada 8585 Piso 20-A,Buenos Aires,1010,Argentina,Ocano Atlntico Ltda.
10899,2016-02-20,2016-03-20,2016-02-26,Carrera 52 con Ave. Bolívar #65-98 Llano Lar,Barquisimeto,3508,Venezuela,LILA-Supermercado
10900,2016-02-20,2016-03-20,2016-03-04,Rua do Mercado  12,Resende,08737-363,Brazil,Wellington Importadora
10901,2016-02-23,2016-03-23,2016-02-26,Carrera 22 con Ave. Carlos Soublette #8-35,San Cristóbal,5022,Venezuela,HILARION-Abastos
10902,2016-02-23,2016-03-23,2016-03-03,Åkergatan 24,Bräcke,S-844 67,Sweden,Folk och f HB
10903,2016-02-24,2016-03-24,2016-03-04,Rua do Paço  67,Rio de Janeiro,05454-876,Brazil,Hanari Carnes
10904,2016-02-24,2016-03-24,2016-02-27,1029 - 12th Ave. S.,Seattle,98124,USA,White Clover Markets
10905,2016-02-24,2016-03-24,2016-03-06,Rua do Mercado  12,Resende,08737-363,Brazil,Wellington Importadora
10906,2016-02-25,2016-03-11,2016-03-03,ul. Filtrowa 68,Warszawa,01-012,Poland,Wolski  Zajazd
10907,2016-02-25,2016-03-25,2016-02-27,25  rue Lauriston,Paris,75016,France,Spcialits du monde
10908,2016-02-26,2016-03-26,2016-03-06,Strada Provinciale 124,Reggio Emilia,42100,Italy,Reggiani Caseifici
10909,2016-02-26,2016-03-26,2016-03-10,Erling Skakkes gate 78,Stavern,4110,Norway,Sant urmet
10910,2016-02-26,2016-03-26,2016-03-04,Keskuskatu 45,Helsinki,21240,Finland,Wilman Kala
10911,2016-02-26,2016-03-26,2016-03-05,C/ Romero  33,Sevilla,41101,Spain,dos Cocina Tpica
10912,2016-02-26,2016-03-26,2016-03-18,8 Johnstown Road,Cork,,Ireland,Hungry Owl All-Night Grocers
10913,2016-02-26,2016-03-26,2016-03-04,Alameda dos Canàrios  891,Sao Paulo,05487-020,Brazil,Queen Cozinha
10914,2016-02-27,2016-03-27,2016-03-02,Alameda dos Canàrios  891,Sao Paulo,05487-020,Brazil,Queen Cozinha
10915,2016-02-27,2016-03-27,2016-03-02,Avda. Azteca 123,México D.F.,05033,Mexico,Tortuga Restaurante
10916,2016-02-27,2016-03-27,2016-03-09,Av. del Libertador 900,Buenos Aires,1010,Argentina,Rancho grande
10917,2016-03-02,2016-03-30,2016-03-11,Gran Vía  1,Madrid,28001,Spain,Romero y tomillo
10918,2016-03-02,2016-03-30,2016-03-11,23 Tsawassen Blvd.,Tsawassen,T2F 8M4,Canada,Bottom-Dollar Markets
10919,2016-03-02,2016-03-30,2016-03-04,Ave. 5 de Mayo Porlamar,I. de Margarita,4980,Venezuela,LINO-Delicateses
10920,2016-03-03,2016-03-31,2016-03-09,Brook Farm Stratford St. Mary,Colchester,CO7 6JX,UK,Around the Horn
10921,2016-03-03,2016-04-14,2016-03-09,Smagsloget 45,Århus,8200,Denmark,Vaffeljernet
10922,2016-03-03,2016-03-31,2016-03-05,Rua do Paço  67,Rio de Janeiro,05454-876,Brazil,Hanari Carnes
10923,2016-03-03,2016-04-14,2016-03-13,1 rue Alsace-Lorraine,Toulouse,31000,France,La maison d'Asie
10924,2016-03-04,2016-04-01,2016-04-08,Berguvsvägen  8,Luleå,S-958 22,Sweden,Berglunds snabbkp
10925,2016-03-04,2016-04-01,2016-03-13,Rua do Paço  67,Rio de Janeiro,05454-876,Brazil,Hanari Carnes
10926,2016-03-04,2016-04-01,2016-03-11,Avda. de la Constitución 2222,México D.F.,05021,Mexico,Ana Trujillo Emparedados y helados
10927,2016-03-05,2016-04-02,2016-04-08,67  avenue de l'Europe,Versailles,78000,France,La corne d'abondance
10928,2016-03-05,2016-04-02,2016-03-18,Rambla de Cataluña  23,Barcelona,8022,Spain,Galera del gastrnomo
10929,2016-03-05,2016-04-02,2016-03-12,Berliner Platz 43,München,80805,Germany,Frankenversand
10930,2016-03-06,2016-04-17,2016-03-18,Boulevard Tirou  255,Charleroi,B-6000,Belgium,Suprmes dlices
10931,2016-03-06,2016-03-20,2016-03-19,Starenweg 5,Genève,1204,Switzerland,Richter Supermarkt
10932,2016-03-06,2016-04-03,2016-03-24,12  rue des Bouchers,Marseille,13008,France,Bon app'
10933,2016-03-06,2016-04-03,2016-03-16,Garden House Crowther Way,Cowes,PO31 7PJ,UK,Island Trading
10934,2016-03-09,2016-04-06,2016-03-12,Magazinweg 7,Frankfurt a.M.,60528,Germany,Lehmanns Marktstand
10935,2016-03-09,2016-04-06,2016-03-18,Rua do Mercado  12,Resende,08737-363,Brazil,Wellington Importadora
10936,2016-03-09,2016-04-06,2016-03-18,2732 Baker Blvd.,Eugene,97403,USA,Great Lakes Food Market
10937,2016-03-10,2016-03-24,2016-03-13,Cerrito 333,Buenos Aires,1010,Argentina,Cactus Comidas para llevar
10938,2016-03-10,2016-04-07,2016-03-16,Taucherstraße 10,Cunewalde,01307,Germany,QUICK Stop
10939,2016-03-10,2016-04-07,2016-03-13,Via Ludovico il Moro 22,Bergamo,24100,Italy,Magazzini Alimentari Riuniti
10940,2016-03-11,2016-04-08,2016-03-23,12  rue des Bouchers,Marseille,13008,France,Bon app'
10941,2016-03-11,2016-04-08,2016-03-20,187 Suffolk Ln.,Boise,83720,USA,Save-a-lot Markets
10942,2016-03-11,2016-04-08,2016-03-18,Strada Provinciale 124,Reggio Emilia,42100,Italy,Reggiani Caseifici
10943,2016-03-11,2016-04-08,2016-03-19,Fauntleroy Circus,London,EC2 5NT,UK,B's Beverages
10944,2016-03-12,2016-03-26,2016-03-13,23 Tsawassen Blvd.,Tsawassen,T2F 8M4,Canada,Bottom-Dollar Markets
10945,2016-03-12,2016-04-09,2016-03-18,Heerstr. 22,Leipzig,04179,Germany,Morgenstern Gesundkost
10946,2016-03-12,2016-04-09,2016-03-19,Smagsloget 45,Århus,8200,Denmark,Vaffeljernet
10947,2016-03-13,2016-04-10,2016-03-16,Fauntleroy Circus,London,EC2 5NT,UK,B's Beverages
10948,2016-03-13,2016-04-10,2016-03-19,C/ Romero  33,Sevilla,41101,Spain,dos Cocina Tpica
10949,2016-03-13,2016-04-10,2016-03-17,23 Tsawassen Blvd.,Tsawassen,T2F 8M4,Canada,Bottom-Dollar Markets
10950,2016-03-16,2016-04-13,2016-03-23,Via Ludovico il Moro 22,Bergamo,24100,Italy,Magazzini Alimentari Riuniti
10951,2016-03-16,2016-04-27,2016-04-07,Starenweg 5,Genève,1204,Switzerland,Richter Supermarkt
10952,2016-03-16,2016-04-27,2016-03-24,Obere Str. 57,Berlin,12209,Germany,Alfreds Futterkiste
10953,2016-03-16,2016-03-30,2016-03-25,Brook Farm Stratford St. Mary,Colchester,CO7 6JX,UK,Around the Horn
10954,2016-03-17,2016-04-28,2016-03-20,Ave. 5 de Mayo Porlamar,I. de Margarita,4980,Venezuela,LINO-Delicateses
10955,2016-03-17,2016-04-14,2016-03-20,Åkergatan 24,Bräcke,S-844 67,Sweden,Folk och f HB
10956,2016-03-17,2016-04-28,2016-03-20,Forsterstr. 57,Mannheim,68306,Germany,Blauer See Delikatessen
10957,2016-03-18,2016-04-15,2016-03-27,Carrera 22 con Ave. Carlos Soublette #8-35,San Cristóbal,5022,Venezuela,HILARION-Abastos
10958,2016-03-18,2016-04-15,2016-03-27,Ing. Gustavo Moncada 8585 Piso 20-A,Buenos Aires,1010,Argentina,Ocano Atlntico Ltda.
10959,2016-03-18,2016-04-29,2016-03-23,Av. Brasil  442,Campinas,04876-786,Brazil,urmet Lanchonetes
10960,2016-03-19,2016-04-02,2016-04-08,Carrera 22 con Ave. Carlos Soublette #8-35,San Cristóbal,5022,Venezuela,HILARION-Abastos
10961,2016-03-19,2016-04-16,2016-03-30,Alameda dos Canàrios  891,Sao Paulo,05487-020,Brazil,Queen Cozinha
10962,2016-03-19,2016-04-16,2016-03-23,Taucherstraße 10,Cunewalde,01307,Germany,QUICK Stop
10963,2016-03-19,2016-04-16,2016-03-26,Jardim das rosas n. 32,Lisboa,1675,Portugal,Furia Bacalhau e Frutos do Mar
10964,2016-03-20,2016-04-17,2016-03-24,25  rue Lauriston,Paris,75016,France,Spcialits du monde
10965,2016-03-20,2016-04-17,2016-03-30,2743 Bering St.,Anchorage,99508,USA,Old World Delicatessen
10966,2016-03-20,2016-04-17,2016-04-08,Hauptstr. 31,Bern,3012,Switzerland,Chop-suey Chinese
10967,2016-03-23,2016-04-20,2016-04-02,Luisenstr. 48,Münster,44087,Germany,Toms Spezialitten
10968,2016-03-23,2016-04-20,2016-04-01,Kirchgasse 6,Graz,8010,Austria,Ernst Handel
10969,2016-03-23,2016-04-20,2016-03-30,Av. dos Lusíadas  23,Sao Paulo,05432-043,Brazil,Comrcio Mineiro
10970,2016-03-24,2016-04-07,2016-04-24,C/ Araquil  67,Madrid,28023,Spain,Balido Comidas preparadas
10971,2016-03-24,2016-04-21,2016-04-02,54  rue Royale,Nantes,44000,France,France restauration
10972,2016-03-24,2016-04-21,2016-03-26,67  avenue de l'Europe,Versailles,78000,France,La corne d'abondance
10973,2016-03-24,2016-04-21,2016-03-27,67  avenue de l'Europe,Versailles,78000,France,La corne d'abondance
10974,2016-03-25,2016-04-08,2016-04-03,P.O. Box 555,Lander,82520,USA,Split Rail Beer & Ale
10975,2016-03-25,2016-04-22,2016-03-27,23 Tsawassen Blvd.,Tsawassen,T2F 8M4,Canada,Bottom-Dollar Markets
10976,2016-03-25,2016-05-06,2016-04-03,Carrera 22 con Ave. Carlos Soublette #8-35,San Cristóbal,5022,Venezuela,HILARION-Abastos
10977,2016-03-26,2016-04-23,2016-04-10,Åkergatan 24,Bräcke,S-844 67,Sweden,Folk och f HB
10978,2016-03-26,2016-04-23,2016-04-23,Rue Joseph-Bens 532,Bruxelles,B-1180,Belgium,Maison Dewey
10979,2016-03-26,2016-04-23,2016-03-31,Kirchgasse 6,Graz,8010,Austria,Ernst Handel
10980,2016-03-27,2016-05-08,2016-04-17,Åkergatan 24,Bräcke,S-844 67,Sweden,Folk och f HB
10981,2016-03-27,2016-04-24,2016-04-02,Rua do Paço  67,Rio de Janeiro,05454-876,Brazil,Hanari Carnes
10982,2016-03-27,2016-04-24,2016-04-08,23 Tsawassen Blvd.,Tsawassen,T2F 8M4,Canada,Bottom-Dollar Markets
10983,2016-03-27,2016-04-24,2016-04-06,187 Suffolk Ln.,Boise,83720,USA,Save-a-lot Markets
10984,2016-03-30,2016-04-27,2016-04-03,187 Suffolk Ln.,Boise,83720,USA,Save-a-lot Markets
10985,2016-03-30,2016-04-27,2016-04-02,8 Johnstown Road,Cork,,Ireland,Hungry Owl All-Night Grocers
10986,2016-03-30,2016-04-27,2016-04-21,Ing. Gustavo Moncada 8585 Piso 20-A,Buenos Aires,1010,Argentina,Ocano Atlntico Ltda.
10987,2016-03-31,2016-04-28,2016-04-06,35 King George,London,WX3 6FW,UK,Eastern Connection
10988,2016-03-31,2016-04-28,2016-04-10,2817 Milton Dr.,Albuquerque,87110,USA,Rattlesnake Canyon Grocery
10989,2016-03-31,2016-04-28,2016-04-02,Rua da Panificadora  12,Rio de Janeiro,02389-673,Brazil,Que Delcia
10990,2016-04-01,2016-05-13,2016-04-07,Kirchgasse 6,Graz,8010,Austria,Ernst Handel
10991,2016-04-01,2016-04-29,2016-04-07,Taucherstraße 10,Cunewalde,01307,Germany,QUICK Stop
10992,2016-04-01,2016-04-29,2016-04-03,89 Jefferson Way Suite 2,Portland,97201,USA,The Big Cheese
10993,2016-04-01,2016-04-29,2016-04-10,Åkergatan 24,Bräcke,S-844 67,Sweden,Folk och f HB
10994,2016-04-02,2016-04-16,2016-04-09,Smagsloget 45,Århus,8200,Denmark,Vaffeljernet
10995,2016-04-02,2016-04-30,2016-04-06,Calle Dr. Jorge Cash 321,México D.F.,05033,Mexico,Pericles Comidas clsicas
10996,2016-04-02,2016-04-30,2016-04-10,Taucherstraße 10,Cunewalde,01307,Germany,QUICK Stop
10997,2016-04-03,2016-05-15,2016-04-13,Carrera 52 con Ave. Bolívar #65-98 Llano Lar,Barquisimeto,3508,Venezuela,LILA-Supermercado
10998,2016-04-03,2016-04-17,2016-04-17,ul. Filtrowa 68,Warszawa,01-012,Poland,Wolski  Zajazd
10999,2016-04-03,2016-05-01,2016-04-10,Mehrheimerstr. 369,Köln,50739,Germany,Ottilies Kseladen
11000,2016-04-06,2016-05-04,2016-04-14,2817 Milton Dr.,Albuquerque,87110,USA,Rattlesnake Canyon Grocery
11001,2016-04-06,2016-05-04,2016-04-14,Åkergatan 24,Bräcke,S-844 67,Sweden,Folk och f HB
11002,2016-04-06,2016-05-04,2016-04-16,187 Suffolk Ln.,Boise,83720,USA,Save-a-lot Markets
11003,2016-04-06,2016-05-04,2016-04-08,55 Grizzly Peak Rd.,Butte,59801,USA,The Cracker Box
11004,2016-04-07,2016-05-05,2016-04-20,Rue Joseph-Bens 532,Bruxelles,B-1180,Belgium,Maison Dewey
11005,2016-04-07,2016-05-05,2016-04-10,Keskuskatu 45,Helsinki,21240,Finland,Wilman Kala
11006,2016-04-07,2016-05-05,2016-04-15,2732 Baker Blvd.,Eugene,97403,USA,Great Lakes Food Market
11007,2016-04-08,2016-05-06,2016-04-13,Estrada da saúde n. 58,Lisboa,1756,Portugal,Princesa Isabel Vinhos
11008,2016-04-08,2016-05-06,2016-05-06,Kirchgasse 6,Graz,8010,Austria,Ernst Handel
11009,2016-04-08,2016-05-06,2016-04-10,C/ Romero  33,Sevilla,41101,Spain,dos Cocina Tpica
11010,2016-04-09,2016-05-07,2016-04-21,Strada Provinciale 124,Reggio Emilia,42100,Italy,Reggiani Caseifici
11011,2016-04-09,2016-05-07,2016-04-13,Obere Str. 57,Berlin,12209,Germany,Alfreds Futterkiste
11012,2016-04-09,2016-04-23,2016-04-17,Berliner Platz 43,München,80805,Germany,Frankenversand
11013,2016-04-09,2016-05-07,2016-04-10,Gran Vía  1,Madrid,28001,Spain,Romero y tomillo
11014,2016-04-10,2016-05-08,2016-04-15,Ave. 5 de Mayo Porlamar,I. de Margarita,4980,Venezuela,LINO-Delicateses
11015,2016-04-10,2016-04-24,2016-04-20,Erling Skakkes gate 78,Stavern,4110,Norway,Sant urmet
11016,2016-04-10,2016-05-08,2016-04-13,Brook Farm Stratford St. Mary,Colchester,CO7 6JX,UK,Around the Horn
11017,2016-04-13,2016-05-11,2016-04-20,Kirchgasse 6,Graz,8010,Austria,Ernst Handel
11018,2016-04-13,2016-05-11,2016-04-16,89 Chiaroscuro Rd.,Portland,97219,USA,Lonesome Pine Restaurant
11019,2016-04-13,2016-05-11,2016-05-11,Av. del Libertador 900,Buenos Aires,1010,Argentina,Rancho grande
11020,2016-04-14,2016-05-12,2016-04-16,Mehrheimerstr. 369,Köln,50739,Germany,Ottilies Kseladen
11021,2016-04-14,2016-05-12,2016-04-21,Taucherstraße 10,Cunewalde,01307,Germany,QUICK Stop
11022,2016-04-14,2016-05-12,2016-05-04,Rua do Paço  67,Rio de Janeiro,05454-876,Brazil,Hanari Carnes
11023,2016-04-14,2016-04-28,2016-04-24,Fauntleroy Circus,London,EC2 5NT,UK,B's Beverages
11024,2016-04-15,2016-05-13,2016-04-20,35 King George,London,WX3 6FW,UK,Eastern Connection
11025,2016-04-15,2016-05-13,2016-04-24,Torikatu 38,Oulu,90110,Finland,Wartian Herkku
11026,2016-04-15,2016-05-13,2016-04-28,Via Monte Bianco 34,Torino,10100,Italy,Franchi S.p.A.
11027,2016-04-16,2016-05-14,2016-04-20,23 Tsawassen Blvd.,Tsawassen,T2F 8M4,Canada,Bottom-Dollar Markets
11028,2016-04-16,2016-05-14,2016-04-22,Maubelstr. 90,Brandenburg,14776,Germany,Kniglich Essen
11029,2016-04-16,2016-05-14,2016-04-27,Hauptstr. 31,Bern,3012,Switzerland,Chop-suey Chinese
11030,2016-04-17,2016-05-15,2016-04-27,187 Suffolk Ln.,Boise,83720,USA,Save-a-lot Markets
11031,2016-04-17,2016-05-15,2016-04-24,187 Suffolk Ln.,Boise,83720,USA,Save-a-lot Markets
11032,2016-04-17,2016-05-15,2016-04-23,1029 - 12th Ave. S.,Seattle,98124,USA,White Clover Markets
11033,2016-04-17,2016-05-15,2016-04-23,Starenweg 5,Genève,1204,Switzerland,Richter Supermarkt
11034,2016-04-20,2016-06-01,2016-04-27,2743 Bering St.,Anchorage,99508,USA,Old World Delicatessen
11035,2016-04-20,2016-05-18,2016-04-24,Boulevard Tirou  255,Charleroi,B-6000,Belgium,Suprmes dlices
11036,2016-04-20,2016-05-18,2016-04-22,Walserweg 21,Aachen,52066,Germany,Drachenblut Delikatessen
11037,2016-04-21,2016-05-19,2016-04-27,C/ Romero  33,Sevilla,41101,Spain,dos Cocina Tpica
11038,2016-04-21,2016-05-19,2016-04-30,Boulevard Tirou  255,Charleroi,B-6000,Belgium,Suprmes dlices
11039,2016-04-21,2016-05-19,2016-05-19,Ave. 5 de Mayo Porlamar,I. de Margarita,4980,Venezuela,LINO-Delicateses
11040,2016-04-22,2016-05-20,2016-05-20,2732 Baker Blvd.,Eugene,97403,USA,Great Lakes Food Market
11041,2016-04-22,2016-05-20,2016-04-28,Hauptstr. 31,Bern,3012,Switzerland,Chop-suey Chinese
11042,2016-04-22,2016-05-06,2016-05-01,Av. dos Lusíadas  23,Sao Paulo,05432-043,Brazil,Comrcio Mineiro
11043,2016-04-22,2016-05-20,2016-04-29,25  rue Lauriston,Paris,75016,France,Spcialits du monde
11044,2016-04-23,2016-05-21,2016-05-01,ul. Filtrowa 68,Warszawa,01-012,Poland,Wolski  Zajazd
11045,2016-04-23,2016-05-21,2016-05-21,23 Tsawassen Blvd.,Tsawassen,T2F 8M4,Canada,Bottom-Dollar Markets
11046,2016-04-23,2016-05-21,2016-04-24,Adenauerallee 900,Stuttgart,70563,Germany,Die Wandernde Kuh
11047,2016-04-24,2016-05-22,2016-05-01,35 King George,London,WX3 6FW,UK,Eastern Connection
11048,2016-04-24,2016-05-22,2016-04-30,23 Tsawassen Blvd.,Tsawassen,T2F 8M4,Canada,Bottom-Dollar Markets
11049,2016-04-24,2016-05-22,2016-05-04,Av. Brasil  442,Campinas,04876-786,Brazil,urmet Lanchonetes
11050,2016-04-27,2016-05-25,2016-05-05,Åkergatan 24,Bräcke,S-844 67,Sweden,Folk och f HB
11051,2016-04-27,2016-05-25,2016-05-21,1 rue Alsace-Lorraine,Toulouse,31000,France,La maison d'Asie
11052,2016-04-27,2016-05-25,2016-05-01,Rua do Paço  67,Rio de Janeiro,05454-876,Brazil,Hanari Carnes
11053,2016-04-27,2016-05-25,2016-04-29,Geislweg 14,Salzburg,5020,Austria,Piccolo und mehr
11054,2016-04-28,2016-05-26,2016-05-21,Cerrito 333,Buenos Aires,1010,Argentina,Cactus Comidas para llevar
11055,2016-04-28,2016-05-26,2016-05-05,Carrera 22 con Ave. Carlos Soublette #8-35,San Cristóbal,5022,Venezuela,HILARION-Abastos
11056,2016-04-28,2016-05-12,2016-05-01,35 King George,London,WX3 6FW,UK,Eastern Connection
11057,2016-04-29,2016-05-27,2016-05-01,South House 300 Queensbridge,London,SW7 1RZ,UK,North/South
11058,2016-04-29,2016-05-27,2016-05-27,Forsterstr. 57,Mannheim,68306,Germany,Blauer See Delikatessen
11059,2016-04-29,2016-06-10,2016-06-10,Av. Copacabana  267,Rio de Janeiro,02389-890,Brazil,Ricardo Adocicados
11060,2016-04-30,2016-05-28,2016-05-04,Via Monte Bianco 34,Torino,10100,Italy,Franchi S.p.A.
11061,2016-04-30,2016-06-11,2016-06-11,2732 Baker Blvd.,Eugene,97403,USA,Great Lakes Food Market
11062,2016-04-30,2016-05-28,2016-05-28,Strada Provinciale 124,Reggio Emilia,42100,Italy,Reggiani Caseifici
11063,2016-04-30,2016-05-28,2016-05-06,8 Johnstown Road,Cork,,Ireland,Hungry Owl All-Night Grocers
11064,2016-05-01,2016-05-29,2016-05-04,187 Suffolk Ln.,Boise,83720,USA,Save-a-lot Markets
11065,2016-05-01,2016-05-29,2016-05-29,Carrera 52 con Ave. Bolívar #65-98 Llano Lar,Barquisimeto,3508,Venezuela,LILA-Supermercado
11066,2016-05-01,2016-05-29,2016-05-04,1029 - 12th Ave. S.,Seattle,98124,USA,White Clover Markets
11067,2016-05-04,2016-05-18,2016-05-06,Walserweg 21,Aachen,52066,Germany,Drachenblut Delikatessen
11068,2016-05-04,2016-06-01,2016-06-01,Alameda dos Canàrios  891,Sao Paulo,05487-020,Brazil,Queen Cozinha
11069,2016-05-04,2016-06-01,2016-05-06,Avda. Azteca 123,México D.F.,05033,Mexico,Tortuga Restaurante
11070,2016-05-05,2016-06-02,2016-06-02,Magazinweg 7,Frankfurt a.M.,60528,Germany,Lehmanns Marktstand
11071,2016-05-05,2016-06-02,2016-06-02,Carrera 52 con Ave. Bolívar #65-98 Llano Lar,Barquisimeto,3508,Venezuela,LILA-Supermercado
11072,2016-05-05,2016-06-02,2016-06-02,Kirchgasse 6,Graz,8010,Austria,Ernst Handel
11073,2016-05-05,2016-06-02,2016-06-02,Calle Dr. Jorge Cash 321,México D.F.,05033,Mexico,Pericles Comidas clsicas
11074,2016-05-06,2016-06-03,2016-06-03,Vinbæltet 34,Kobenhavn,1734,Denmark,Simons bistro
11075,2016-05-06,2016-06-03,2016-06-03,Starenweg 5,Genève,1204,Switzerland,Richter Supermarkt
11076,2016-05-06,2016-06-03,2016-06-03,12  rue des Bouchers,Marseille,13008,France,Bon app'
11077,2016-05-06,2016-06-03,2016-06-03,2817 Milton Dr.,Albuquerque,87110,USA,Rattlesnake Canyon Grocery
